-6,39494320593851	-0,489063841071984
-1,06774601765459	-7,97984923751598
3,3620986214054	2,74526911725689
-6,56916101492564	-3,17662101382005
-1,69776541840867	-4,3591466112435
3,91326599897458	5,30299309897823
-6,18864791786522	-3,67291039978015
-0,881056101728698	-7,82521298015692
2,99901245282361	4,17621042352237
-7,72729736204597	-0,492259197491537
-0,0978643140262627	-4,78885743856697
2,17335508502008	4,27861195721504
-6,6307774321347	-0,324638048054379
0,232439150488581	-5,14412193534085
3,71646869931412	3,54256846963554
-4,57084522047347	0,168526196725592
-0,91464581033358	-8,61832175381557
1,896552185339	3,8586686570269
-6,8115517606096	-0,142716695540993
-3,48182587293578	-7,03634654816822
5,86957322766355	4,34905794340945
-5,15551729988171	-0,471640996795965
-2,67771504629996	-7,90044356288146
3,33867897170027	3,32885362146734
-5,37187388565084	0,366117471926906
0,594012958597377	-6,0968920857173
4,45533645038496	2,26075279517916
-5,25445467084138	-3,40938987458243
-2,2387460498572	-6,42652517285291
1,61705678743579	5,52490027662331
-7,693047541954	-0,157855893030173
-2,10254606363675	-5,06254517159663
1,48873782964587	3,25404131624534
-6,92002238388456	-2,42745642822082
-1,81335106496318	-8,22957832359582
2,30350611485466	2,16547844254693
-5,19898284117817	0,0415772940952932
-0,365833103833502	-8,6932822948931
1,73069682299006	5,15909816836767
-5,69655503265915	0,0970658377688167
-0,597301570864775	-6,63220740642726
3,34422117243428	5,13353536621105
-8,13702092187664	-1,38628122905484
-0,919210887150556	-6,57095556522601
2,10911063498392	5,48784858373923
-5,73404001574308	-1,31436534071685
-3,44849973721881	-5,57290481046781
1,49975161509	1,81967907518996
-6,93840362697624	0,131889244348234
-3,36199714130446	-6,6046893830294
3,41501195096873	4,76282647295511
-7,67656175838328	-1,33693915382558
-3,28853299572121	-8,76551495645007
1,28883811271174	1,89596178096751
-4,85592154442558	0,330728839424372
-1,48033026217461	-8,54452450851211
5,40782742885416	4,88140417726217
-4,90382507547716	-1,11424813939327
-1,53576341132368	-5,16865999244947
2,79581818615314	2,08356700575124
-4,42621614128227	-0,223320118226311
-3,45815024362161	-8,79181545471858
2,97746438130592	1,44081887356436
-7,80815094676376	-3,36542480440423
0,516554518491111	-4,41677267299321
5,50290029995889	1,31643851249909
-6,12264397905765	-0,589128895700457
-3,60822851826328	-8,76113318981069
4,77010571511715	5,12736014651283
-7,56801755227261	-3,21317093587333
-1,2086677546955	-6,93745230391904
5,48400004192224	4,84989131031105
-7,30349968564434	-1,79139736312772
-3,25143046845732	-7,60702126852649
1,7070984704338	1,42005524726374
-7,49725641195588	-2,12032298890142
-0,852852570582774	-8,00756430628551
3,3030436674603	4,5174550905987
-7,5778931344533	-3,05584023632975
-2,25925723456536	-7,60048184162005
5,0753702585777	5,2000610098866
-7,33720873110686	-2,54566911809414
-2,85754702927592	-6,2472484079117
2,12841878633295	1,25792689607212
-7,312043712453	-2,64830058594304
-1,05789271673389	-6,6386254118035
2,14467584441763	2,84943021858821
-6,17072700315272	-2,51184349013096
-3,03993077466437	-8,74859223787482
1,42626373844403	1,59184051744615
-8,21589403776619	-1,40579125255023
-3,51113046126359	-4,63087425368939
4,76766661879474	3,50782411664026
-5,02404325278109	-1,75979219655473
0,666511011255416	-7,82760581072837
4,33874838086572	4,61897701864762
-8,38671821614939	0,564542978422071
0,522308564034671	-8,11691558160311
4,58329425510808	4,48604099216357
-6,03193318470386	-1,77741224871003
-2,25821294047494	-7,09030452043206
1,46612806687956	3,10396131535414
-6,85748314061635	-1,71532977221771
-3,36210724609132	-8,1220407771531
1,27139523254117	2,6440660133509
-7,71928624947934	-2,42159802961068
-1,22834092223539	-5,79552036103143
4,56106128680593	5,12588003047965
-7,35788727266834	-2,48150571763566
-3,64108629931726	-4,55383900210541
3,98491640362328	4,48971359942598
-7,92811707411868	-1,24102954330157
-3,55875570019001	-6,22335114969188
2,74502614203787	1,94237647376909
-7,22976244807635	-0,311227309992569
-0,539983552993965	-7,51778901285405
1,42824449501101	4,36396040363194
-6,22383914664549	0,407403536629604
-3,03426883916031	-8,14705603651136
3,97555582347264	3,2593145064065
-4,69672658717143	0,315484090777128
-2,71163248317725	-6,24334442536083
4,69275703270006	2,22500085444315
-6,71313695761111	0,271190906420717
0,476219044186853	-8,08600213587545
3,28704077083481	4,21178977231863
-7,31020463003921	-1,97748397689549
-1,73790397203343	-4,49519955445018
5,44477760647929	2,08265013247966
-5,90801980497988	-2,09260105842825
-3,31145546241306	-5,34781772915022
2,73795427315119	1,70703602573449
-8,50638915731267	-2,42810915119049
-0,941663046454693	-5,52410811212127
1,26448027490646	5,0602273542656
-6,99503595222751	-2,15868394933209
-0,742722007901246	-6,84495777378252
1,70587131123456	3,90077587803513
-7,4573207840518	-1,84692696262504
-0,659978749763535	-4,29661760851424
4,57432615131854	3,15618511309826
-6,81198209971294	-1,48485701945779
-3,07903819878104	-4,59196062832187
4,98798669575593	2,38800573498611
-4,56088134848499	-3,28124358702852
0,0375826331271196	-7,38099845543662
2,52845712167629	3,80745574912645
-8,55899946488592	0,25071270086615
-0,90927030950634	-6,04357446860716
3,29030090874779	1,72555166374817
-7,79059344276415	-0,69800931803027
0,110995474457251	-7,40407745073125
5,53627560022326	3,29862503032996
-4,2906164020386	-1,25628713344654
-2,38264053690871	-6,00329619651352
3,28194036148891	3,58103934238922
-6,47250356500055	-0,591036181234072
0,0331365367473762	-7,31595051312232
5,16930173601931	1,62350481113595
-6,88247627482562	-2,21917446673674
-3,75355852063513	-6,4910121872148
5,0209391245274	1,59736392062809
-7,44218068122432	-1,46674157127531
-0,902401217588955	-6,07488495536456
2,32379933993196	2,95157025312977
-4,43990799834721	-3,6154971270726
-0,792364367149489	-5,29854725858258
3,24383160921925	3,27189750275891
-4,25007652280043	-1,21788011525515
-3,2988696318955	-7,72554809731974
1,42669650772775	2,37549545169952
-7,11492892513039	-3,5612555801537
-0,765780452757187	-4,81243329310307
1,87397401847985	2,01947469391109
-4,26565707139409	-1,90754923945422
-0,243863384000772	-6,80924673222834
2,37281898005634	2,79759044599971
-7,16294174046432	-1,97833862456061
-0,102581868542642	-5,07818791484034
5,60569629649553	1,71533779926457
-8,21758426493091	-0,297585276574985
-2,97339534071229	-6,7217823807717
2,4768638095009	4,73933163833202
-8,16763389489153	-1,61674821975885
-0,796216445321943	-7,93165153194646
2,32333216308317	2,39532236028939
-4,60044587595095	-1,0001505837602
-3,0471168936148	-6,73131659749349
2,913899704114	4,77625078694521
-6,62576711516075	-2,79207914436215
0,0287172181156166	-5,13579716090897
4,37851275462337	3,18722099646669
-7,86686984139567	-2,67718320753767
-1,8995276549507	-4,39208466384484
3,22081002605899	4,77366379537495
-5,12674063563049	0,186238910041423
-0,880799440838947	-6,27743125759742
2,56531035749491	1,84992125810293
-5,72577140201952	0,416161144770958
-2,68268014352248	-5,61276724650861
3,88635364024415	4,92921572552794
-5,58829603387643	0,128914612489405
-0,722746123271704	-5,84457375348337
4,72250662355648	5,55639423259571
-7,98840009224913	0,0781516229163635
-0,360025751795808	-5,61384563622762
3,93600327995466	1,47282256313766
-6,57837369767795	-0,902241659338199
-3,3013709022896	-5,01357445672709
3,47884579721381	4,72324065463839
-6,48885000145527	0,737490972066514
-2,48222786975555	-7,99841335160254
2,71974415403305	1,71144750883067
-5,81716227139269	-3,41640925183218
-1,31537795900828	-5,30538823370951
3,33885177937899	4,5244763313348
-8,03758355388273	-3,15513833400409
0,265531614052262	-5,71416257404049
2,51235870816619	4,54077191962303
-5,91245795283064	-1,46329282801553
-0,418794710913728	-4,58677422042382
5,68839379839574	3,77330727531182
-6,51187584330047	-1,85465588563212
-2,82566013535151	-5,00235818780971
3,64059438298519	5,25030625411625
-4,38501654760661	0,169156973036454
0,504580367139375	-7,54907973558286
3,84061316406455	4,14689583779219
-4,95199121767614	-2,50672675722593
-0,853691416028427	-8,00668169895098
2,85788789896611	3,07566898514988
-5,31485647413977	-2,92065939068403
-2,96863992075898	-7,35596985093
2,16032614417361	5,00809297023344
-8,55188458641048	-2,41254285655031
-1,08368386517284	-6,63783606346395
4,27329961312234	4,93475832826224
-8,58010451276678	-3,72546247018013
-3,03577033357539	-8,58150900400223
2,89920938823127	4,83802161552572
-4,42082454485938	-3,12224816307114
-2,57904068769084	-5,73504571781141
4,69642070391517	2,96358733163286
-7,13878826139334	-2,86319311767135
0,071609273634365	-5,65287897147902
1,87270530448042	3,214778044374
-8,41930651267371	-3,2861973145394
0,322631105518318	-5,80610035382052
3,08343170630842	4,00397890026484
-8,55860217563954	-2,02412745384137
-2,64570001521145	-7,34018955679214
1,8842269141262	3,43819596098374
-8,07469377683754	-2,42602957976146
-3,2451726182549	-4,63376535167415
5,45929753907585	5,55206720048592
-5,70449626121664	0,658744870675846
-0,810950862073155	-6,50709111859194
4,05437261560687	4,3124036948621
-5,37918560868259	-2,75345836137297
-0,921026800684237	-6,61986462133004
2,05590132815988	3,92516543183585
-5,18525089485326	-1,96854156576272
0,398850366813488	-6,19218569283819
3,20195959799005	2,53362115671039
-4,82456541535839	-1,74960868768576
-2,49331018120593	-7,96959727599929
5,74331646293447	5,2031783553721
-4,84971859206479	-0,130653906893468
-0,00498178266827853	-6,12835269656836
2,07631702282321	1,46752544141777
-4,29931727301509	-0,293256406249786
-2,50823494843741	-6,71953897212048
5,49090464958143	5,20375697780045
-4,90598156402288	-1,09295522378135
-2,86508759767932	-4,43138869167724
1,21720745008425	2,13267798111063
-5,17422268585313	-2,52094107244386
-1,83238490008319	-6,18942950064615
4,82119360780602	3,28888388556744
-4,55705193757989	-2,35077967894683
-3,54845654716101	-8,1411042959755
2,14079134570573	1,44286875834442
-4,53562771633953	-2,53813583813802
0,150314480768056	-5,6304705045741
4,02575466258256	5,18590565569345
-6,68528672746685	-2,69687902600983
-2,36396646122484	-5,93005456416073
2,78194370581476	2,01016807671825
-7,22218703103331	-0,786280372178208
-1,01114865359815	-6,41633744078085
4,37876915836853	1,2588477973681
-6,47610724223867	-1,83027781371037
-1,65200746190953	-8,3035931331285
1,60412591131835	2,28261428715312
-4,95607510547163	0,33744437944486
0,536013458058757	-6,96792060371201
3,53718502908516	2,09265600543413
-6,49219677040002	-1,99219747874959
-2,23659090454053	-4,96716171345971
4,59716626195936	1,71264900219402
-6,24498500739405	-1,21660679136725
-0,0649227784700783	-4,28565179802186
5,89371728754243	5,52445080673634
-7,8165272426371	-2,64110278269254
-1,55514106518443	-7,75850355887696
4,04763151436421	2,15524392849509
-5,53897850752499	-0,108862183991346
-1,12021920334383	-7,24113175824887
5,59009780501219	1,81884464441621
-7,91623283754685	-3,14223131207529
0,273956458372853	-5,3061789730565
2,09404297346063	4,57557721657074
-7,9571117545029	-1,22453376322441
0,104562096090049	-6,39525977664434
3,08170058780034	4,04946329828748
-4,79231041529993	0,572295027010123
-1,31087203927067	-7,50722203669078
4,35299764819239	3,08044750950901
-7,20278706121437	0,00855407037163003
-3,45671536856636	-7,47800266590176
5,83667047808496	5,50816896013188
-8,64257089120266	-1,71167295371268
-0,441788420787577	-5,87689794204841
3,52221756090723	4,70583146784602
-7,83199511717706	-2,45031197158573
-1,02189319284003	-5,04069576807794
4,76624649312234	5,13492728987416
-5,99199500313099	-2,63498461240913
-2,10630136654105	-5,1946235387461
5,51230586302776	3,50216977601477
-5,86739331040694	-2,7838391585431
-2,89459356203483	-8,27834392936026
3,93739681396658	4,42517865444624
-7,62597826777544	-3,08712750619238
-2,31490353710108	-6,36594567319822
3,3511576548315	4,18736581121076
-6,55385640776209	-1,27817960422532
-3,59415684061668	-8,20516801703045
1,78246724951329	1,29964088427044
-7,23501094290267	-2,78160390827291
-1,46964764991961	-7,19897259850942
1,51558425876361	2,18593874863283
-4,49007881239549	-0,822950843476262
-2,30525426706575	-5,55203187959458
2,61831711504013	2,4303728940379
-4,34443410395368	-0,829582801733041
0,0618435644789246	-6,2663320252208
1,79679178607681	4,73208715106377
-6,24113849035118	-2,11339385676345
0,66868864764949	-7,03278752460285
4,79768225911043	4,00520631805885
-6,42266434087049	-0,116366567272241
0,175402513577293	-5,85343072992763
2,49864026037061	1,43925695306153
-6,11631023870237	0,0320841906874594
-1,96100982796406	-7,06572882544115
2,27857245201441	4,66077461315119
-8,06672344814412	-3,16859701627079
-3,83024119193277	-4,43113426234777
4,7472193074371	4,51017185415449
-5,3208770510889	0,23417626440348
-1,12377978443261	-4,73578184381351
1,62660721468276	4,85719154095268
-7,43264074648501	-3,20476292512128
0,430653188732198	-8,2629071404852
4,07816606590226	5,44808922659689
-8,25090816041762	-1,96149697576046
0,0666543552771781	-8,24056989034347
2,77843091218265	4,81155510478597
-5,19211598835207	0,164093118252934
-3,31760702230907	-6,13742977799564
3,1387436507679	1,42141921095576
-7,79613982015929	-0,214749940879247
-2,52293798612339	-8,01093953032962
2,96130234434396	3,7351973386139
-8,63446314328234	-3,32792239801235
-2,27836375231657	-8,47713663898152
1,4778367367889	3,98222008011429
-6,43852116116115	-1,89096504904757
-2,43328187569556	-5,77297383304744
1,26751872404479	2,08442249492652
-6,53028706413407	-3,22227139451344
-2,28793716553364	-7,0137905536982
4,03240782777766	1,41565514710378
-6,26429417333242	-0,787515758781886
-2,04375001719078	-8,43918736701495
4,00463575619023	2,56526182614195
-8,57502097622702	-3,42271659223063
-1,17391601097027	-6,97833434074667
3,18779924676034	1,45866498656253
-6,12072781220103	-3,25969668495093
-0,312307552888682	-4,94882801804975
5,21742847513156	1,4648623436594
-8,41334774627553	0,206071742841596
-2,87110989914174	-5,99501636816628
2,71259927198513	2,61142713636861
-4,86842142941661	-1,15860581073278
-1,37628487156222	-6,87003760517794
1,65638683996476	5,49389377195086
-6,24909038668168	-0,334786058837237
-3,6503870089878	-5,83133231074923
1,40645696099583	4,88209785956417
-4,62208849395672	-2,88804360440506
-3,26125615399496	-5,55250375246529
4,98182076852881	4,41746580661994
-8,31881670567342	0,456374416973382
-3,36572975617771	-4,56228955734897
4,74073352595506	1,53022957218617
-7,41416472539074	-2,31892500466648
-2,75037912522893	-8,18816342466826
5,74210421464922	4,18586668997744
-4,39683579302982	-1,72820596540712
0,432170844683369	-6,95660761037177
1,99737048755043	2,92030916160757
-5,51420836178294	-3,29308101975946
0,291587788804632	-7,61586855818571
1,66626672645844	1,83035748240128
-7,24628756722336	-1,68740428517618
-1,3904107759131	-4,94891636813157
2,75975338636624	5,58408286217182
-8,13077017315026	-1,90927637052488
-2,21568846197487	-5,47221523082484
3,51719930660244	5,43889106805139
-6,92195078096316	-3,19998638149784
-1,1715127693774	-4,41951463893953
2,74223816033711	2,06512885020012
-7,33092038129653	0,307650006547307
0,262832380413451	-6,19724798685542
2,96880687922569	2,99482407718066
-8,30739574322302	-2,82405815684647
-3,74696797076296	-7,97412177520108
3,37967134325682	2,8340850795895
-5,89133431685226	-3,63654773561654
-0,0242809207948871	-6,49345173317215
3,45161145862875	2,31142606421712
-7,77189848164747	-3,20362711846148
-0,0723122219240087	-5,91263895225545
4,99101738663048	5,29090292120356
-8,60237986349647	-0,783173162502669
-2,31585126124366	-7,42738104579769
2,82822889172856	3,33713104595172
-7,68395345383408	0,672900113828749
-2,08941971194192	-5,21754705447709
4,33390677233481	2,69824367619513
-5,17646532193645	-2,63247531097064
-1,3349605109268	-8,4008517642371
3,38167393024357	4,00049454433276
-7,33385380533653	-3,0422917250299
-2,14653484155653	-6,37007396580998
1,64219264845793	3,66994761693764
-6,82696858061217	-1,16601706586628
-3,29537529720787	-4,44212631671468
2,9775929455538	5,00138146013876
-8,58065836180574	-2,05436379695295
0,512621320514756	-6,0640290009415
4,82996561545082	2,89707877992696
-4,82619668405527	-0,0661637629766685
-2,64744195183072	-4,88506448289117
1,36563257553874	4,38758133365842
-6,86811792335987	-0,11923707416216
-1,64625146410973	-7,0702501583371
2,98245195635606	3,89477150436986
-6,63328572386366	-2,38008980865704
-2,76437039602547	-4,67473053816377
3,44316293691101	3,20311684385859
-8,33808457819602	-2,78244088274516
-1,98188519975711	-4,26851002944949
4,29604710265808	4,02772357964993
-7,18068669630192	-1,68555499949596
0,0444962414132353	-5,32058531973047
1,37668511052676	4,29434940743329
-6,53477638348317	-0,463631070977183
-2,58470058943335	-6,06624799647385
2,99027533307687	3,20144662641446
-8,22072382959466	-1,73181222682797
-1,46653236649963	-5,38467517435912
2,79168180769022	5,11934401436292
-8,59758533512627	-2,41332151707639
-3,70067631895506	-6,26337514766349
3,94404682476055	5,55232645853982
-5,83926532240029	-2,99072947598029
-2,33333820791197	-6,87294841665363
5,64228021324586	5,50089580356565
-4,40466709446265	0,536827064277357
-0,71507762464965	-4,37135166696584
2,62329321802631	1,74920763347436
-8,22422973185236	-0,577908502134803
-0,805166307386274	-5,14779563211626
5,70374586511801	1,61904476529676
-4,36867775239084	-0,168581797036183
-3,2703329258512	-7,05717067132225
4,01094029566826	5,49633209080853
-7,88675254011358	-0,295967151005426
-3,02982817056247	-7,79879043609186
4,36064577908161	1,64569855774295
-6,22823959927925	-2,89751798534834
-1,64057643437753	-4,33461902471916
2,73087256653791	3,78432013717455
-5,96738891507479	-3,7416569154157
-3,85757815124418	-8,71658696619936
4,2771462778448	5,28195812169849
-4,78127678740702	-0,0565408448745823
-0,142715644333989	-4,36560703835971
4,82851724238688	2,26266247100932
-5,54120621578179	-2,70091058845485
-0,87930804822215	-5,51084392327291
3,18092951929713	2,56435278404578
-5,89519918799459	-0,877900327126752
0,0570803909278359	-6,81034337197599
4,96534094525258	1,36859969001291
-4,5209005873164	-0,310794037311084
-0,315933514521466	-6,12263566347534
4,73578740862097	2,11752883823667
-4,86123034109447	-1,15041149235873
-0,777631802761106	-7,17770327828001
5,61256446828091	4,65777616343104
-5,26873675510752	-1,12627642928534
-0,785042220033418	-5,22854147877155
3,28608312959324	3,20043160254443
-7,19255412458181	-0,245911470885315
-2,70596238507108	-5,11516890838261
4,21485173147908	4,95998576437815
-8,68880953009099	-0,321591468807059
0,661944674285894	-6,8161301863899
3,7754763913262	1,59366187960502
-5,2930838121026	-3,48765760541007
0,369988019573929	-6,23965964499526
2,72918020794153	4,30381224740666
-6,98164613280185	-2,97746055343338
-1,78554806427571	-4,85152514625532
2,19393031946994	5,56226210010514
-7,90749647144757	-1,24630893786789
-3,55185284533869	-4,42522984564805
4,93335406606557	3,27484019761307
-7,52232482863174	-1,78739455155902
0,0347880083610925	-7,9373302772801
5,42688702962713	1,76745612114104
-8,71991913299635	-3,07939554220603
-1,22512213127787	-6,58281648267296
1,42586485885494	1,69657254385438
-8,46473654462054	-1,17720105594193
-0,446808256511571	-6,9961042663264
2,05382636396711	4,34607458215817
-8,21965150823389	-1,80425988391756
-3,0252293719313	-7,29303593555756
2,97969294748952	1,72748633945724
-5,364273558348	0,571617850551218
-3,38545363122649	-5,33148504965602
2,21970090327226	2,89423673402429
-8,67282755328507	-0,194066415277036
-1,68653650355222	-6,32285672807953
2,73743660760199	2,30269164545629
-5,46757035443936	-1,2933155579521
-3,63046833048438	-6,92757563585816
4,18280933090443	2,68910902258181
-5,2181057535319	-2,51938898473991
-3,48842460627297	-6,24269721595966
5,0019336913485	2,69428581823086
-6,19132078246901	-0,72074453482437
-2,43712457512993	-8,15777976490071
1,48599337207349	5,35330716072072
-5,43527441499738	-0,812679273294138
-1,10440577101141	-7,04129755143213
5,0200705618572	2,33800297699939
-7,74079003667857	-2,84957785903339
-1,45406274002676	-4,25312433035926
1,3761791002865	3,75691803367744
-7,91551041355631	-3,73225549574577
-2,89062494306117	-6,4033499940681
4,05087011525594	3,54511081913165
-5,38200363330039	-3,44224864574904
-2,5030161958931	-5,01123747026732
1,69442457740062	2,16279209045072
-6,16085845396389	0,187868527874083
-1,91564460820427	-5,49735663732606
2,28589074378986	4,20719647776351
-7,22413664448543	-0,813496995385169
-1,14746181853815	-5,41017045253373
4,91263770108598	1,57338534477857
-6,95222738031392	-1,38963902108681
-1,40557916007002	-6,64136165423677
1,67792040031534	5,09271041819892
-7,62132872789486	-2,61446749261763
-3,89350265533526	-5,25710334377026
2,96116156229572	2,58416700739062
-7,36016021602209	-1,14461080244088
-0,37995724430353	-8,55166068836598
2,62252987179051	5,44325485225062
-6,08228844773586	-3,13506227558665
-2,25658986215077	-7,78623736753719
1,37381425776606	2,51586621683271
-5,12448638541163	-1,06338668521901
-3,68641778835553	-6,20033467667219
3,89265895546953	4,11676264906172
-7,6276347224887	-0,660856772756651
-2,3563838154819	-6,09168169444232
3,39900408376031	4,68811548197916
-5,75544446498355	0,359128174053998
0,0973670052460602	-5,61924408466183
2,37964472347581	3,1197381944166
-7,37119091004838	-1,78946615652865
0,166241414287116	-5,37068501654028
3,44231372993716	1,53939680339151
-4,94206153175535	-0,967513669203736
-2,19329399964484	-5,47891103443333
4,40742076205241	4,74913271593732
-5,17145253831521	-1,88782047120232
-1,75588256180891	-5,80760471481697
5,74296132007303	5,09721880618221
-7,11387442983045	0,637645168493683
-3,57652295883617	-6,29080465796177
3,80656356938033	3,10496736618865
-6,06647364672315	0,423178628712153
-1,10869689114323	-6,52572794861609
2,41664768011108	4,62290583712668
-7,11305008642064	-3,35528995151634
-0,700384537973708	-7,08656895338424
4,10311143053796	3,89462967872635
-6,43877272074243	0,317818019595248
-2,59396046805547	-8,47691735514865
2,52911097809522	2,94032764242352
-5,78144641704899	-2,54233072429485
-3,08494199431884	-5,72732548209229
1,53262142218077	5,23455055354284
-7,26608480519574	-1,07354804146676
-1,46036953656678	-5,82292031807381
3,27878363416198	4,49357143632091
-7,33971048044911	-1,8295302045592
-2,55391211226259	-7,03556230157973
4,07301857266159	5,16697557267784
-8,43933399018344	0,0120050326820653
-0,742462747610057	-6,57720868223431
2,26106976461049	5,59710473176359
-6,11029768202744	-2,56417326691935
0,103045835525164	-4,39791802201737
3,156450698722	1,83516101693075
-7,98175204747067	-0,461341979976513
-0,11906110671598	-6,93795877759156
5,38204233395805	1,58445451404121
-6,66429130911738	-1,36313470007354
-1,57717658651393	-5,5608186033055
2,08985059684668	3,82942339319056
-6,37298912629207	-0,457769486586495
-2,84098535170214	-6,92767142633836
5,40730080588668	3,345364740748
-5,14956647708645	-0,384332950989543
-0,64062828465692	-8,67347312500335
3,99785973716627	4,86739785772966
-6,24682161058478	-1,06720473623636
-0,566779678741908	-6,74142761052456
3,95436291586628	1,61466825119934
-6,31882242287009	-3,7047857595401
-2,01644032598912	-5,10190445539211
3,65360562771767	1,96566626629697
-4,65065386259457	-3,41346785295827
-0,930183857155348	-8,57958621633173
5,0567537098566	3,56464561401881
-5,09952267607515	-3,55095583769585
-1,31949366349984	-5,52994951258043
5,63651556572513	1,81821832455079
-6,95084495715759	-2,33847540615042
-1,25668058992133	-5,1277060801806
5,3669547838637	2,45275993449218
-5,79241490858287	-0,873272053425358
-3,85104037108085	-6,5291998590239
4,37776469885339	2,05434137055642
-6,24919237434012	0,672358419510501
-1,37476319086043	-7,49011217408653
5,32356654760257	5,41753796423485
-8,31430087031348	-0,729778913811024
0,161580777759268	-7,48507044060891
1,76408785299355	3,31787040981444
-4,81592706062166	-1,42963538158109
-2,49752658812868	-7,13021823546752
1,3684284166513	4,84194826436222
-4,68983600618556	-2,53498498473957
-2,51165961715561	-4,56767458279431
1,24113300839799	5,1766145240085
-7,32101298841491	-0,166635946947444
-0,125683564328674	-6,65238045353159
1,80617813155954	5,28886450169044
-7,77627439678256	-2,09412892988675
-0,209305730471384	-8,50669498327028
3,20639029674145	5,1452424253954
-7,23547775791208	-1,95890412024963
-3,01330319174554	-8,23708434251133
3,49316093470745	1,813315637401
-8,06135800414536	-2,98912376782029
0,512129072307311	-8,7561291799292
1,45142176565329	1,45813351421595
-6,84706252817463	-0,0996531297770469
-2,26025339697194	-4,59659026754916
3,76821211835367	3,87138612414865
-4,33608310666919	-3,44230184429814
-3,71527074793958	-6,0624866300506
4,11180728570582	5,12589182128208
-7,5563593784523	-1,02567452556389
-2,30966044185624	-8,58792936345721
3,39820562530913	1,7356932774981
-6,36679742593461	0,0121643648379317
-1,54044027868229	-5,06422811198011
5,82607837575848	4,70098837298343
-4,43751364506916	-3,1652015014802
0,520073393181823	-5,38497827517127
5,5235990185855	4,96348495781166
-6,04213578572422	0,356208002825937
-0,31701376296061	-7,26851065197931
5,83954909828894	2,07475948100393
-8,08138690264299	-1,82141841430898
-1,36745861034863	-7,02468793894721
3,89110517867584	2,07049428419336
-5,15203535856904	-3,34250134568835
-0,627138374874142	-5,57364835566423
1,89208105331269	1,26221527177848
-5,82038050630105	-3,00947382530369
-2,27417650984291	-6,2341278896112
2,75055821604842	4,64108436835888
-4,79635543382659	0,0318421339589086
0,535047336101386	-8,40840814560789
5,07306808667404	3,19237339313049
-7,13469568149631	0,289632964268574
-3,82364660895475	-4,75823688993122
4,10317536659622	5,48968782498118
-7,69468537794612	0,460896791107403
-0,707934806803938	-6,55947949787676
5,26556563649665	3,30112145537645
-8,11511502249079	0,402990229902589
-2,7690624896404	-7,4294425140534
4,16975109381599	4,91848061297582
-8,27852445656111	-2,38686156150095
-3,35694206296027	-7,41714577812915
4,72165485922414	4,50588817113074
-5,48045754953114	0,307861287550566
-2,28264011504645	-5,96739656313488
4,01034768970109	1,40066919021873
-8,63462879923139	-3,05733114939772
-2,46557113266945	-6,16326474766523
2,72728596430935	4,10105967971816
-6,80628406693478	-1,28901216781836
-1,30775379449225	-7,03594629383387
5,70038206264735	2,39404646812972
-5,00555427956276	0,745968896108002
0,0631802919156668	-5,18695442839567
5,49745385623463	5,50040633807285
-8,5238470505541	-1,64481706352923
0,238279573327739	-7,65571934528947
2,72739627120179	2,5232974394266
-5,86825608687186	-0,48182460250517
-2,92089340913241	-4,78659755579552
4,17539027205641	4,84180446797087
-7,49332956308918	-1,9610890498044
-3,18840688891735	-4,9192795831398
4,82794146156668	2,97027876936988
-7,43323240764362	-1,67817721795997
-0,593368420519923	-8,64228787685868
4,93588959830917	4,47215772757777
-7,65437822816493	-3,67092403316502
-0,651749558337125	-7,907652700151
3,10218210392196	3,25585397568602
-4,52914485162016	-3,05194712789489
-0,44615516375478	-6,13456845228743
2,45831502985894	2,23903212736566
-7,78283623467542	-1,44920588908972
-2,67736354337225	-8,42011066515288
1,30746234387311	1,64456729862999
-6,17849241514004	-2,65538491245811
-2,27764662786164	-7,42303426671716
3,67281363419221	1,3307959956933
-8,5083948248722	-2,43424099684555
-1,0290254581033	-8,61275993156041
5,02502907092842	2,41623499609881
-7,87925421706103	0,100577795523502
-2,99013288986057	-6,38804933553723
1,51210629384847	5,29308666482371
-6,14822407072792	-0,449802885853953
-3,42336722077003	-6,21602880484604
4,38792206508464	4,11423419287947
-8,39228356245913	-0,973213202164866
-2,26730959298164	-7,40447779961864
1,97662370326215	2,89739237204332
-8,19748372808119	-2,47062379716505
-0,241890253658145	-5,16898150160329
2,02670743846826	5,34364169107536
-8,31837132322412	-3,12577995445191
-1,14009333521329	-5,31960587382504
3,69957999475381	5,2518452626863
-5,78045102112502	-2,78350827087258
-0,990906206556403	-6,81738527565566
2,19952590971238	4,87330783855119
-6,58965638733765	-3,64782637310519
-2,49995330501515	-7,40699808749632
1,45909228561817	3,98497361312567
-4,87337160766279	-1,97362062498337
-2,21660091532021	-8,10029264650347
5,47788757632822	1,76693379964874
-7,38690260207404	-0,716063220513694
-2,51134839379627	-8,01503084422594
3,96423420967475	1,77603335815049
-7,1700777706794	-0,321602919006563
-2,64513337905178	-6,13378980559942
3,00254885786641	2,34759843623447
-7,31127054229769	-0,520636822191483
-3,60484796451402	-4,46285053367842
5,0230934387876	3,22176700595182
-6,10672837680446	-3,51817347441833
-2,82108866257183	-6,07710518236181
4,0713378443864	3,42223141118048
-5,9827468449288	-1,22836064317883
-1,81302882526091	-6,94571169267153
1,8098462605651	2,26037634907769
-5,68792860697063	-1,43675679290237
-1,57984275298913	-6,82812637983648
4,75849055592864	4,58955192087586
-5,29927681111399	-1,60985932557745
-1,44597488993311	-6,0547020815907
1,97666745032866	2,05419528433337
-7,60826798326944	-3,20152424734152
0,477256611357362	-6,77616667423583
3,850312300031	1,78872672364722
-7,38459035350891	-0,43537572920419
-1,11647777748396	-4,27524599562605
3,76513855045401	4,9049737621882
-6,30331114343169	-2,37524007651218
-2,35895524627093	-5,99562443023602
4,72328461613987	2,00021673138267
-8,62882469019968	-0,750302135939597
-1,07528125370387	-5,56263695875933
3,92378576563795	3,42521673900095
-8,31902357530432	-1,79184896807159
-3,00863167728616	-4,92824211301264
1,24901638723586	1,81371579937224
-7,96615845748203	-0,0503931658451209
-2,04434784121611	-5,91330173699989
4,87016057502049	2,06360333058861
-4,37091285354528	-0,378175589091242
-1,61568372441117	-5,64407103861326
1,24979305437151	3,98346383718311
-6,73294578452828	-2,02976008630253
-1,26100946116108	-6,83386542161538
5,53764978630568	5,58079987713489
-5,48927653075729	-3,61263561746681
-0,805507184872149	-7,32363956984977
2,00394126596894	4,73561298787351
-8,31901935557309	-1,53837442203786
-0,465736250873496	-5,81527728638482
2,22830407139604	5,29269209494922
-4,99435577006234	0,299010910012331
0,0159909617490888	-8,51405484849394
2,46013136974278	1,64831887506918
-7,07522028690106	-2,89221669916274
0,562783182465619	-4,61863680425663
1,72283256999035	2,29466279293329
-7,23036051261277	-0,223782782161964
-2,94105010357897	-6,65339819303548
4,93821212199571	1,8235141547533
-4,6461431654536	-1,73417597974597
-0,250085108868597	-8,78033828775914
5,31459118910429	3,97823598853781
-7,36939789732763	-1,86783723573986
-0,708023849099924	-6,84718041370551
2,82014611219831	4,3741767811917
-5,35085678237729	-1,49758044756335
-1,72635516160601	-4,39724607654079
1,90659978141885	1,61637388928961
-4,94266541644551	-1,96378767417378
-0,310928495394924	-6,24761601904326
1,79619599217229	1,42932376892433
-7,69424382872067	-1,34742403800382
-1,51205618447914	-8,57876427734586
5,59346090426017	4,30250862154739
-7,87008974096257	-3,19651681743193
-2,71176501735229	-4,77964669376318
3,87280335930564	3,71638502593115
-5,11195247341237	-3,45338206971347
-2,23156177480446	-4,44012321765796
4,08133666658993	4,26933425614558
-5,18085350434697	-0,107880265836648
-1,68404557795413	-8,01725037572654
2,82104041319281	2,75406722612435
-4,78001971120321	0,133863133519148
-1,98494560115963	-8,76925491508376
5,82339247514001	3,41670111663491
-7,26608445230627	-2,06054490110649
-0,627920896956245	-6,4854038330463
1,50046055180808	5,03911600269734
-4,91223485323631	-3,04716653368794
-1,04076051179404	-7,92630956568135
1,92250020703167	4,44575549410318
-5,77467038397191	-2,81691016625707
-2,18374319913008	-7,55597188516403
2,62352670995917	5,43698596170644
-4,99662693914983	-0,258181780601046
0,475722243575826	-4,74365016344957
3,79273010552682	4,01734581688172
-5,62146041782578	-2,71303646015227
-0,862253125759681	-8,78326999179651
2,34010954178679	5,34059761018113
-6,11291999223578	-0,336878064425597
-0,331251184498785	-4,49746691519414
5,76683623828977	3,07453916348138
-5,86869225052478	-1,93460158550282
0,0461615362241719	-4,69937030358423
5,8683378070638	1,74314122208924
-7,78194077295865	-1,40181800918371
0,241118815486872	-5,91813609984853
2,04858008586122	2,1345680014478
-5,49959393313302	-2,64472899512777
-0,443329987420352	-5,52133376711988
5,5927599336943	3,89608339077741
-6,50427826870229	-1,64298754160525
-3,57852602198743	-4,69760234542855
3,82394741310192	4,75133116074469
-7,86768718120115	-2,70200765434214
-1,59283583281793	-7,54987529983065
4,0004466347762	1,5956728113515
-7,6879285464334	-1,54265234275072
-3,0754891436583	-7,24691749972535
2,56663687666395	1,91188230872847
-5,34717696915235	0,49151288715926
-2,66305891501102	-5,67866327443667
5,31423795880204	1,64905327150228
-4,8294325126445	-3,33661831365076
-1,3554788929064	-5,85688953272945
4,41339056453641	3,55727718276122
-6,37826698007453	-1,92236069218085
-1,09852849243613	-4,26233695279289
5,00930841669807	4,36250384538329
-4,59843842889004	-3,26622462560148
-1,15668599956052	-8,37368818492136
3,8580387721519	5,31581191721106
-8,47907070610924	-2,69430713778359
-2,2555633717351	-7,05163564909793
3,04695134527807	4,18740235058385
-6,68358060775542	0,692693718699561
-0,686452434683528	-6,53411572447765
2,40968171670101	2,04407497436388
-7,97661138243253	0,112691069247239
-1,98230995674621	-8,46401336144289
1,59755479946863	1,82659084170971
-8,63531085845667	0,420296641905687
-3,56358784379377	-5,92386301381946
3,37039917894907	4,61151406274118
-7,30264030785375	-0,0341732982523122
-0,985403423017875	-4,52994036397458
2,01323421678524	5,2615987354472
-8,37959399028096	-1,8629149217177
-0,132177271299509	-5,33463972635013
1,26310900118787	4,1431729698609
-6,74177830886321	-2,87799860034517
-3,56240588887508	-5,82004406426263
4,16484969020618	5,56968500941724
-6,72719282211455	0,193184131142666
-0,289852069077545	-5,60487574598215
4,79015633781797	2,41638547853855
-4,52838026030385	-1,43250963879741
-2,09136275654466	-7,6307545293004
2,07646108111291	4,2075815876902
-4,83656194190428	0,226439893719208
-1,79492204535275	-7,87655819318183
1,51859505686446	3,64500699450912
-6,21082007764172	-1,20012888737623
-0,636386844580765	-7,77635728623341
5,82064241877282	4,53723666711456
-7,73746890565513	-1,28810599553991
-0,48097818531625	-5,94885415905584
3,4171755718703	4,80182357477416
-8,35123711223346	-1,01496287860921
-1,27696485815137	-6,76857547398578
3,37573586062299	4,49875141827584
-8,12287217528946	-1,67833416323734
-3,17111173907663	-4,72023312788699
4,46999666293838	2,4319785490768
-8,0456848318659	0,123195562877388
-3,88420221710776	-8,12738431423366
3,40593371144412	2,1825491747292
-7,53772555170648	-1,014931796084
-2,85385463379081	-4,70682599644629
3,45666069769051	5,21050426197758
-8,39561495046402	-0,666952599680351
-3,4422276525658	-5,38236856200688
1,67391895082551	2,29983692052964
-8,39811503164533	-2,88480181146843
-3,58993882887069	-7,84103665038417
3,86414038802999	3,63867874980918
-6,0344075175888	0,253468721630531
0,587824872232317	-7,19757489944533
4,61936163037076	1,69004050666033
-8,06048897109182	-0,49013660271056
-3,18062375774689	-8,65374768191654
1,51092273668764	3,60412541641618
-7,83129105848373	-0,107458369171134
-2,57271085222596	-8,4793134494576
5,24565420027006	4,36857385025184
-5,89089342483415	-2,92386579431424
0,568010428939738	-5,00582797223646
4,96323850633636	3,02465156915782
-6,12200468394883	-1,75006396210207
-1,77366059129741	-6,08986399419878
4,94635227992115	2,33150915516735
-5,14015082048186	-3,42732713120092
-0,662633121902237	-6,36932651319076
5,82362434775664	5,31931981377635
-5,61268479127432	-1,90985939750936
-0,619983886544997	-7,95558397808473
4,3137694509463	5,43828624998867
-6,76996232014865	-2,07211633751375
-2,10605866973576	-4,70034810015748
2,93227460262071	2,10730582387838
-8,29303075272213	0,0132110534159429
-2,62045751417702	-5,7494754033267
4,74251289103177	5,15874866747001
-4,78083498836508	-1,53441640790224
0,689667743499964	-4,67323366759058
2,37937228090776	2,30576411428312
-6,52972794534418	0,0873304304133713
-1,74453907149699	-5,82948349381698
2,99655137512173	3,5011195907584
-8,35803631535449	-0,517846008539626
-1,91718160503824	-8,17148025723018
5,85681827761522	5,36945378498509
-5,78850847210138	-2,31321490155992
-2,33697819512023	-6,32467210384499
2,96454521095087	4,65083413566191
-4,50798741585943	-2,93824714093543
-3,03524247054069	-5,61175713505842
2,41997453711796	4,18709859362811
-6,76151882450301	-0,853246885975361
-2,43380908607966	-7,2129124614414
3,26022059746288	4,84483812913432
-6,01899310932204	0,590253758266457
-0,0008938100986291	-5,86427308084069
4,64838473082895	2,42795309899463
-7,34175903556498	-0,930967795769926
-0,888072742937507	-4,72767887505693
4,45704623625992	4,41431180588023
-4,26441157629807	-3,29462849286437
-2,14024983083867	-7,33425107081444
2,64400964887118	1,45188039455959
-4,36662300966445	0,672540733896059
0,628173877979283	-6,15464602107955
2,58740639036497	4,54766026097965
-5,79619762777148	0,569539214079567
-3,14302439323567	-8,45829166669157
5,89976119660465	4,20828740741122
-7,67416172871602	-1,81970977900744
0,255180544176366	-8,44723663400474
4,19764102623736	3,16387383450458
-6,99438971180888	0,489749433619525
0,0215959864767252	-7,93101012515907
2,32302367095517	5,08762507530552
-7,52136595200432	-3,57721444652227
-1,47451799501885	-6,13418366359602
4,27826183692872	4,13652465124963
-7,64850673360424	-3,30762673311209
-1,70476600752284	-8,28481075955127
3,48240457058866	1,77348909596722
-5,22489319859711	-3,62159737244462
-0,976469487546863	-8,48706086230877
5,80332224094599	3,7165429439064
-5,05653143501559	0,419710682427333
-2,72448766142617	-8,67848795263862
2,25413260476836	2,02817015377302
-7,09612198607959	-3,6561064736253
-3,39299981028428	-4,54284503038814
4,07666882876401	1,97007194169656
-7,68913937050032	0,730128837973757
-1,07537945823579	-7,57703410743384
5,19119288362729	4,30777132995826
-7,54416465885906	-1,93343474047106
-0,298551570620501	-4,98989089325742
3,54058131147711	2,9265215788584
-8,1469387983277	-3,21024076813314
-2,01682887013578	-4,74322120146088
4,0737571437692	3,91912792468423
-5,57853766754739	-1,21132020895756
-0,0294886894166715	-8,64197949641198
5,12882664761952	2,02019357547552
-4,27654188647073	-0,549231166308497
-1,9353431905083	-8,05977166006083
5,11586580092111	4,91689392194018
-4,98947897172397	0,712932066292067
-0,98166087050286	-7,10737579618205
2,0422288707812	3,46743423905995
-7,74516094449717	-2,46409410315422
-2,10286900647894	-8,39230254774214
5,86602924730974	1,25897994113209
-6,23170803783739	-0,370430993548183
-2,95537717679925	-8,2236939311791
1,79588628154215	1,45841288417306
-5,84447871047339	0,637439368993953
-1,42755831524943	-6,28582077512747
5,02757108564991	2,03542019177471
-8,10022405866118	-2,60869906148777
0,101642636968439	-7,10668666749954
1,66088384710323	5,48694663894834
-8,21218984639007	-1,23076453113647
-1,0669234149208	-5,98446014481869
5,36216506583584	1,38086019216214
-5,32695176487859	-1,49481776223969
-2,20652402628838	-4,34241291506369
5,2675561957137	5,07125218636771
-6,58009671138796	-0,185085847857561
-2,5591647101905	-8,06769025425291
3,63106717942723	2,46127319082012
-8,04993119724313	-0,370336278230101
-2,62967040876397	-6,15455862282779
5,01907344839412	1,55398712247451
-7,94528200955857	-1,07486219691148
-3,84756321643682	-5,6790789674707
4,99949668571463	2,05208767325041
-8,55902023254071	-1,30415480335295
0,622934079539275	-8,40658871321221
5,27580043512337	5,17948991491359
-5,81847565442435	-1,192319954342
-1,05211588431596	-7,69872199254374
5,57729454334891	4,66358584893632
-4,8337639086972	0,373008180355621
-1,72051276366791	-8,06561415279002
3,92968037443118	2,18903213504491
-8,68969839950134	-0,226344563786911
-0,138062156718537	-6,07785030658534
1,48655871114263	4,53273196301572
-8,01063653287432	-1,45705396959425
-2,69382421173655	-5,61044699591659
4,61183188529956	2,62682717524788
-5,65539807897779	-2,97390358578356
-3,24712912291365	-8,67905289536403
1,57237248551787	2,62354260658258
-5,75854238213279	-2,18579560016676
-0,744052379356837	-4,47441700312304
1,95524091802006	1,27810507325893
-4,69353295051602	-1,33157309388006
-3,08060314529306	-7,60986336987909
3,43894390542159	5,36011885791402
-6,37732695681106	-1,00292827947002
-2,6408746483311	-7,70788342188487
5,56703707518654	3,98487394029603
-5,99250325318085	-0,467343883860003
-1,19570970063967	-6,93800480676606
5,68448193394599	4,06766649666845
-7,60780858518966	-3,66172879286197
-0,332053135388229	-4,44346792144443
1,65095034748083	5,44430390701986
-4,8521641568243	-1,97074354808395
-2,57465626604469	-5,58269994312853
2,8071986913353	3,03376363694683
-4,43236890393329	-2,4634969381232
-2,88091770019182	-7,97894279158065
4,35121760523656	1,95040741556423
-5,46834646761634	-1,15435184426093
-2,23622707984468	-6,40180695230089
1,23734678299058	1,63868739349337
-6,85207934000131	-1,32434008574135
-3,31173814834447	-6,54891717682207
1,59898258735807	5,42933035270522
-8,22949072213823	-0,651303633472437
-3,19215324356279	-5,30092527145952
2,02401402609999	2,06568617969336
-5,94426831322316	-3,66218455222663
-1,71180093289801	-4,9032423455953
5,86458518935971	2,35645369753004
-6,06715374809434	-0,0454426615681056
-3,41610412961858	-5,31882682257603
2,85436804008018	4,23990678969536
-6,42477944449951	-2,88787670402208
-1,19312277762366	-6,5588792437929
5,53813185648028	3,24967386408064
-7,15804799222084	-3,15048027010926
-0,615776779326254	-6,2169835484267
4,4599042611474	3,23096236802148
-6,67216973565634	-2,25316738009706
0,217777019085879	-5,31783719628522
3,78941103153051	5,01891233760656
-8,26445582722382	-1,36387713142214
-0,206068774359162	-4,93487477862697
3,02167485934479	2,24598479281295
-4,54313382832304	-0,432607286218879
-0,883753889535103	-8,49065666679649
5,45430072919026	5,37473153375814
-6,34699478195724	0,338358310920572
-3,22603820640617	-5,85617266692159
2,07810505571076	3,43852067810738
-8,37503188375899	-1,1446413889076
0,00366746356954506	-7,16311281880664
4,82436995656603	4,99381768122861
-5,02502580884738	-1,37936722520858
-1,71320516000421	-4,79069718952514
5,28557293782234	3,38822412392928
-6,2182376826153	0,564478262338621
-2,65539210685697	-4,65189692959339
5,4529221458257	2,49335371176516
-8,54315673734496	-0,506304848588188
0,408560579645462	-7,2410070358215
1,34396309553952	3,85121714254703
-4,49154901258499	-2,04553299022841
-0,558841037954172	-7,90621707209306
5,06622416663779	1,81455397616326
-7,19503982970485	-2,15964910278994
-3,56934811414779	-5,77439888567465
3,44010045143046	1,26579602028052
-8,57340156469251	-3,42064687287138
-1,91508453994831	-7,33827606375673
4,80154807322048	1,88528488678321
-5,48747397021222	-2,39586088850496
-1,90220368576484	-8,03544923757359
1,94163289840179	4,69686455134375
-5,77657450090746	-0,436402748798828
-3,7860070982683	-5,16295072406116
4,33785728173575	4,25418445954788
-8,16702285433761	-1,61591198279185
0,294640326932291	-4,65040209170729
4,13636577872055	1,6738371468214
-4,71852852098854	-3,55075006236168
-3,24768059072658	-6,44673898159892
1,32669473178889	2,65346612744813
-4,44622844933987	-2,78335709284803
-0,291923522572293	-7,04492219697603
1,4295515515724	1,53735662323791
-7,84283841353468	-3,34443188220229
0,166236724676741	-4,9836254689442
5,17865172304802	1,5883297509903
-7,90523651015349	-3,59493641996162
-2,03418406153524	-5,5151840481024
1,47995070077929	2,70393997005269
-6,64437983445654	-0,993167537254306
-1,50464911810029	-8,77663632616513
3,28887917657384	1,53011541303256
-5,07647624005531	-3,14680641241002
-1,71904993231215	-7,24929349119947
5,1590690914751	2,86432322463127
-6,69933618544155	0,636500949295241
-0,741511910066827	-4,96982633307188
3,73707891635999	3,53575351485973
-5,19974200741085	-2,0659062829707
-0,703591178855755	-7,62974642401095
2,50997864587198	5,11955990675153
-5,50995943661657	-0,837869397740365
-3,29566110969953	-6,74412011880546
4,71843908078281	2,58667595685292
-6,36014131516789	-3,62531616339052
-2,68468397532169	-8,19092722263347
3,20736681018868	4,15812884400857
-7,39339349105685	0,295025384103456
-0,332580137366609	-4,40005104484058
1,57593284405359	2,83123024070207
-7,20279109700946	-0,0917404989506547
-0,981274055565864	-5,71267099121703
1,69853416272382	5,1186839561922
-6,51308183266933	-0,696070698827872
-0,657873111978806	-5,68997841604004
3,42137178657384	3,07415830075512
-8,10230120872544	0,0437337600986898
-0,284145139638032	-6,85822685254158
5,25363484455743	3,53275229703637
-5,27368340209493	-1,1233945794614
-1,6606499372348	-8,50414953329189
3,62432507836632	1,41095312164676
-7,6786664347634	-2,4665379255135
-2,42843309793335	-6,94516481466145
2,66507936575291	4,47099686961884
-4,35097788901294	-1,44670814391554
-1,1187527369814	-8,39329613073082
3,71769959114543	4,71442113659549
-4,66070643792388	-0,642862807630034
0,0378558993624147	-5,75051778713888
3,47013475904314	4,84930370779421
-8,45771999738153	-0,314592376949125
-1,48546929791119	-4,7897523919602
2,55317978284399	3,39676524019738
-4,85347214788961	-0,389510012481648
-2,07814266865073	-5,61195273452805
5,09980632360681	5,48016695535767
-6,67384702426214	-1,01986892089115
-1,07656384145669	-5,95403193157578
4,10650243431584	2,21856620425924
-4,5611394387877	-2,40117083646024
-3,23437375277533	-5,82774472746217
2,6430922190973	4,77695041478967
-8,0315135082484	0,162685669265472
-2,97331945770669	-4,42452351110007
5,58440212940684	5,38059645129991
-4,32960487117346	0,488263248290762
-1,95765022241431	-8,72031769419268
3,67760181771404	4,7709429896582
-6,95849450106501	-0,899800619143403
-1,0697667671324	-5,56474226400883
4,36465221189694	2,11936639645888
-8,44718853432357	-2,16963590605569
-1,49775228085935	-5,5649116724019
4,11042771672344	4,6883777622911
-8,08458036878819	-2,95417480030322
-0,696477875364939	-8,0839366842191
5,36164503131866	5,20835900210731
-7,92961611536433	-0,653296765576507
-1,5687524464499	-7,93062973396099
1,60717114502254	5,26452075057098
-8,69685288200788	-0,256992419470317
0,534570733417282	-6,99432834968266
3,92728728164073	4,51848785781423
-4,27432045087213	-0,873968909450377
-1,88340642289228	-8,6609104421724
1,8615501664563	3,33872460356843
-6,81820149779359	-1,79675515234703
-1,14570989726864	-4,78303330886512
1,36182084039952	5,36889636154089
-6,66878654132053	-1,56180166125173
-2,59876055979357	-5,94311505906377
2,57987474710154	4,70768298166225
-8,2470956996935	-3,53161013684181
0,49447797961734	-4,97282699496872
1,61371703503686	3,98375120352997
-4,83951621491483	-0,47152460943168
-0,885103741167218	-8,42874790107025
3,87102802067649	2,02427182112604
-4,38878210189803	-1,58308361769471
-2,43915558940802	-6,96535970270864
1,45952274580532	3,56137986977051
-7,65071573986538	0,667825471011079
-0,825374975965534	-8,41891164926677
3,21374750121071	5,11356472024508
-4,77755823254609	-1,53696414778583
-1,10137731401552	-7,09214978571117
5,00817281353188	4,94039744973939
-5,11195186387041	-0,124067659989545
-1,55146351139398	-5,63184715550722
2,94006090575144	5,41592401084596
-5,73372650511658	-0,00212790818027875
0,695953716170684	-6,16817414939306
3,07443037407478	4,18345779310103
-8,14313173089674	-1,35381125770001
-1,30552991156911	-8,14141206329368
2,91013196523989	4,23540729826957
-7,92779686504596	-2,46495273899551
-1,51740967411617	-7,69507995541627
5,11331351789591	2,27039034823109
-5,9120268697754	-1,10155521405971
-1,76258257456375	-4,6870024607516
3,69035937375218	5,54707991596225
-6,95100928451099	-2,47884832622258
-0,768078816938275	-8,56667312797035
1,54626626653789	5,43992441497885
-6,55278277444872	-0,932502990391008
-2,50394291088085	-6,12761608302728
4,2199673945978	4,97694740596162
-4,28741472830679	-1,97159685007634
-2,77788534403563	-8,00456820671627
2,40157492961158	1,41861483385675
-6,12020715642602	-2,96296721238309
-2,62974634030873	-7,54075289144178
2,44068911833273	3,8675568118805
-5,44290692323581	-2,53094233229221
-3,76706018891824	-7,55472530852231
1,58308445392975	2,19551075484002
-7,68667978015561	-1,41939748657641
0,367161727161367	-7,71315938740743
1,77060547400638	5,22314825824752
-6,9384935285999	0,197958393317371
-2,27712638877627	-5,94674458499718
2,92777350463991	3,43137279931065
-5,88236262729904	-0,980018247742453
-3,80175379584368	-4,85096021203268
2,76171774428972	3,35530269026853
-4,81798937129078	-1,31353437248008
-1,29218411763777	-6,67434837779498
4,67082169226429	2,91121658455391
-8,49231887493546	-2,23884765036672
-2,75112388460913	-8,224370419411
5,79975838651697	1,51959488204826
-5,79248937287469	-3,7463459214727
-3,70570957990105	-6,41837189411277
2,17860178935716	3,59695210818576
-5,07568382761434	-1,62397073465298
-0,419882626514131	-6,29718647098858
3,02741961655621	5,21159548777888
-7,17976573490812	-3,60216940154577
-1,50151480384553	-5,52927792516235
3,6717256772558	1,83257785974872
-5,57316438102311	-2,20250572219491
-1,34941158310185	-8,08818437674088
2,42117975112858	2,25023047473043
-8,61905925322955	-2,82770518374533
-0,232197282007268	-7,53406687608731
4,95926003897006	2,15107369117689
-5,79693529545165	-1,17993257107478
-0,983892364864853	-6,7394400660061
4,29562712678448	4,42279136723685
-4,63706248058821	0,201802912797579
-2,47046400256747	-4,98638717852441
1,58646267113684	3,70621302968196
-5,3575151114511	-0,121246886085502
-1,43262970775525	-4,60580995293281
3,92455316308663	5,39262448285149
-5,40299414943168	-0,173001300279745
-3,15719459785424	-6,88734161154167
2,74197106881783	4,67911251808539
-6,78923160917612	0,505353978362445
-1,78978245371692	-8,60904459640747
2,27809775940395	2,97351128737932
-8,53935041818925	-3,04505138480156
-0,305147858855088	-7,23315617303622
2,62959358729416	3,84118339031668
-4,7726760388922	-2,39808724652625
-1,9235559753039	-4,66021734348215
5,8771077354981	4,08381865085399
-7,54676765210521	-2,12852981293759
-0,111030790575521	-7,04416944222805
4,36775095395642	5,5004697446281
-4,40819715067191	-1,83102181419429
0,197481842566665	-4,52840197366069
5,57059879087096	4,15327530280652
-8,69308524077328	-1,04574740642358
-1,08348581742212	-7,57113702096042
3,18862485476216	3,77872633495772
-7,72551296528471	0,405071674350688
0,634248753440244	-7,90446773968732
2,6958135003379	2,87229167699439
-6,0394580482133	0,391886055525908
-3,06724815497971	-6,43330723543457
4,4617064299427	2,43254658125112
-8,07955358315494	-0,183133164100928
-0,854334212737408	-4,87136708317297
5,56734955409699	5,2127896722116
-6,40784333731958	-2,2300394337406
0,0539522814229487	-7,72056914857084
1,20151062992912	2,41147095185032
-6,50605888414635	-2,6675519013103
-0,337773096102637	-8,21339149509445
1,47952801767636	3,14391192380647
-6,59022858464652	-1,25556012293304
0,253556088771721	-6,63367550157943
3,93664981963501	2,10720395280542
-6,21655171817671	-1,32241067129384
-1,37310845756787	-5,23106111983281
3,87310177523873	3,40279300777791
-8,11596890855232	-0,405943849748704
-1,80585151178668	-7,32887147085424
4,76978414179218	3,01036998641972
-6,3032739553276	-2,8355723606502
0,466555279262983	-6,57795287000626
5,32037404957675	4,1734495085194
-7,99346214205367	-2,29472158485029
-1,80351267756138	-6,85859844800287
1,47637868136591	5,04381423134063
-5,82733383608944	0,132612838386968
-1,35161116749343	-8,32926076414141
3,1044087705203	2,21698031273164
-5,75831071671341	0,11588896134184
-2,96990886242336	-5,79986098332819
3,91777911463859	2,56101580808976
-8,5889002593594	-3,54765792227456
-1,90763722042736	-5,54592826456195
5,22435466676643	3,11805423512382
-6,50074688358206	-1,19749092737407
-3,22338793227623	-6,66725913205202
2,55816225912996	2,9305734244235
-7,11479617012352	-1,08427748976257
-3,3548985799046	-6,38520315857408
5,80861744145011	4,69563663818719
-8,19192596771608	-2,3044561630032
-0,497344639309814	-7,08857075061345
2,1640138349482	1,77031899266671
-5,99588699221695	-3,35767857952258
0,697818475126905	-7,7042910861067
5,50638910711798	2,42698816443282
-7,04505772352009	-3,10494351994034
-3,35646628608882	-5,70919024584564
3,40036070957347	4,20198439189968
-6,88518084515216	-0,73670777086247
0,583731547092125	-5,52000326793955
2,13117664828373	2,11714840126579
-6,46096911132917	-0,594974819634487
-2,0275079947107	-7,31164797800153
4,89699152227634	2,80394729364758
-8,49343405187423	-2,5857141965287
-3,62638648629451	-8,54359726091569
2,06423375838256	4,87012126235146
-4,77966726551604	-0,809297969540243
-0,965519586631806	-7,64415555794183
5,41773492133277	2,02540238476202
-8,48881541991773	-1,63918467173621
-0,651652975078851	-5,98385866745106
1,67062440611044	5,36422772285786
-4,35312773811591	-1,27775892502868
-1,49026943879234	-4,45345200072718
3,09120941603696	4,6908361632302
-5,90414742818614	-0,933085865042157
0,695408929228206	-4,474820367638
3,30932899627483	2,28966170884206
-7,72427942337398	0,526607761364654
0,633099287167646	-6,66002132775259
5,19179077053083	1,64648758080707
-6,94770502032465	-1,15297225888737
-0,133154654383457	-7,44372217984493
1,76122201086841	3,65953061589398
-7,30871736685346	-0,795464596207196
0,551313616684872	-5,96405837604405
4,95660110106926	4,83710859089621
-7,73412337030548	0,511970535382435
-1,94715992939858	-5,5955320526608
1,31386290579905	4,12087524351655
-6,70853605587144	-2,87346857704289
-0,0725193398232511	-5,27508321160279
2,62220861400568	1,98544779797452
-4,25661478817076	-1,5501870851199
-1,21295605289036	-7,9492977469419
3,26788949417843	5,10150840788871
-5,74108390245962	-1,19726734926214
-0,179394790217924	-7,76148505548446
3,11763020048015	2,80965680483701
-5,95251290473306	-3,10290051047131
-1,26113500477438	-5,3390309665218
1,88500153155383	5,16898977299438
-5,53268592132605	0,468930660186317
-1,00736338083952	-7,96523279887695
2,34303132438166	1,38278180480148
-8,22453330497434	-0,936225640457885
-1,97140529540525	-5,88060369582535
2,85631268317566	2,20366324532177
-6,57450385276993	-1,30443492671807
-3,85685613625628	-7,87930119227236
5,78240711186647	1,33455650401026
-7,75981546648082	-1,95341511566392
-0,477764031640782	-8,72332907367323
3,39919327785888	5,58413532581189
-7,27029126179413	-2,34794758965697
0,0236120190254989	-5,91566735837621
5,22993543177314	3,45993425186418
-5,7597001970785	-1,71086810133841
-3,45458258276188	-8,13574350013979
4,764650867552	1,53813899901528
-5,32750746612295	-0,880936098849632
-0,0950893072789221	-4,83655682199415
3,50960145779442	5,26875836165231
-8,74660634877525	-1,97769821535687
-1,97369964307188	-4,37639812652847
5,80499826764624	3,17108318580174
-7,04313499585507	0,133376938645596
-0,814472732644878	-7,24656334802047
5,64723827567806	3,62114103684963
-4,44215601709695	-0,00769121521529659
0,699190754780629	-4,90097411949691
3,26412739724494	2,95276989443921
-6,14787597889876	-2,15180964165476
0,51522144262408	-7,17390817751834
4,47234256351534	2,4860240305551
-7,02717939843555	-0,667851933851344
-0,674893425711665	-7,06351916065194
3,85498487510224	3,84749659219237
-6,58924484183028	0,341393779442226
-2,21210455889579	-5,77245590028444
2,3435222745406	4,14061309057065
-6,23932744622425	-1,35797127680101
-1,11331087359285	-6,57499143468966
1,59071538562797	4,68327239338769
-4,69418673016673	-3,06871084811945
-1,68270604354094	-5,27199929910996
5,38506860137482	4,74165249773935
-7,38918576840644	-1,24922584414224
0,158651217812341	-7,97050787033713
5,37724833598195	1,96885239615046
-5,18400196615393	-3,56500292854701
-3,06278646582446	-7,95252620014222
4,24868260828391	4,04389591992451
-8,43456771523423	0,170952814183361
-2,62096124177452	-5,90040332491373
2,92631324287777	2,05906963706882
-5,06802098679145	-0,604151528044051
-2,53185559077291	-8,35140159056344
2,56698069660611	4,74395424338447
-8,19891584252739	-2,37752655597684
-0,666762530010101	-6,20079279413039
4,05607825080799	3,13668383581898
-5,92034101415024	-0,392974323761447
-0,453349834051483	-5,59993274439765
1,2323942366498	4,19356921412953
-4,37772632714828	-2,05200975060358
-0,798641728058057	-8,19096667439351
1,62306365963874	2,64944674088472
-5,24823726435752	-2,89277295495654
-2,30844807411698	-4,87110086997492
1,76568755708445	2,6146472319301
-4,81153544288796	-0,048730544305549
-0,337331799193768	-8,71558175040981
2,42264547119793	3,60459136966319
-4,39950810331019	-0,100892935155424
-1,52779132737859	-7,94462219432724
5,0409133087038	2,0424763905556
-6,40555526469369	-2,24082984170844
-1,32844962425902	-7,59340841127921
3,44407228676589	3,86574109716129
-7,61752686164176	-3,12469858155395
-1,91361789501803	-6,81891471188425
4,49879472842743	1,71130426036151
-5,55746924275143	-0,404688498761978
-0,00766412977592035	-6,53758016913253
1,76562173804494	2,71858502432882
-7,66315173648084	-2,19113346911335
-0,224491171541416	-4,31390028388846
2,74796220561115	4,17195735726543
-4,88528455796823	0,349855081915473
-3,11039164220418	-5,53393685224907
3,22681033039841	2,54668484292238
-6,22698409964421	-2,68007073802472
-3,63291748026026	-7,32468713896894
2,58527486386749	2,99121260128804
-8,67269500176451	-1,11667697141603
-0,386952926430241	-6,12014544873684
5,59644395649447	3,07670618818532
-8,30206627359296	-3,14518532369882
-3,00827264460406	-8,09995334465443
3,77262230482262	4,22745179288991
-6,68583643993394	-0,790804331730829
-3,2365816424916	-6,02517431806884
5,27452442878713	3,40445902449985
-4,68236269248536	0,216127556951065
-2,96714988969026	-8,19269888794884
1,36255052505132	3,00830335878195
-6,58794450650236	-2,17915113867575
-0,835947643952655	-8,01891158539248
5,30023625112257	5,06017395467724
-4,8268531157569	-0,837684199190037
-1,34563956759484	-7,23414991238894
2,33985594393297	2,51639930953231
-5,53509584598331	0,579644828890269
-2,33521227771771	-4,61039862973728
5,26014601412883	4,30628363389852
-8,40943984615743	0,403634537288444
-2,45226126117504	-7,49958370128508
3,34007123622542	3,64570703391974
-6,28346492184471	-2,01216372402605
-1,91075861436792	-4,2827607433147
5,6722490842668	5,28255779162012
-4,54905168934862	-2,70227546897862
0,460821695266349	-6,44195118890667
5,44935051582453	1,45086682503675
-6,00325581846064	-2,99221170159588
0,337453441890521	-8,47985381662112
4,03219209699827	2,46421996731464
-7,88492866273922	-2,71722061073579
-0,923909561438249	-5,30711664486219
1,21085211581631	3,80262079743539
-5,724674801344	0,730531969579744
-2,78909570483645	-5,63159852374048
2,18950716981021	4,01150678847688
-7,38320822877799	-1,75898820753483
-1,59129741125699	-4,61847449082631
3,89990210736792	2,33796602290475
-5,96995606935533	-1,18412659171571
-0,286570401218782	-4,54640018456539
2,02256322504278	1,66796709349848
-6,7316583547138	-2,34516082139232
0,306171961305488	-8,51439477374849
5,53418195243056	5,17399101357525
-6,58256574286684	-1,08166114971145
-1,1242983480558	-6,07783035040622
2,47124586581629	4,57168978056471
-8,71625155053884	-1,48880619170538
-3,43278193629478	-6,09164613831674
5,38857888441514	4,58473939533685
-4,44602130640363	-1,8070321286641
-2,22209352881694	-8,23238209359657
1,20294860314891	2,7199762236224
-7,28103265825926	-0,178493912414628
0,663857749079415	-5,96051237685164
4,93486434951191	2,40679632325224
-7,00659503500937	-2,41832531152785
-0,939639856990646	-4,73328942814667
3,22987289286552	5,31264017268256
-5,01514420713047	0,693627026903574
0,613622125765287	-6,4739840550178
2,22379514295302	2,11684741192655
-5,8655012072725	0,575668615293234
-1,82934618016637	-6,41769676026566
5,89243739408042	1,56896213612234
-5,48471663487803	-0,979691960789308
-2,9472221116086	-7,26780115730929
1,67969325715846	4,46428567575805
-6,21718871362059	0,363567212958663
0,302451073497568	-8,40629681313983
5,24573100614867	1,78033994909516
-4,33279761732102	-2,68836785803139
0,108501812356443	-5,74031214624502
4,33625402020699	4,83546934674789
-7,51399068962273	-2,6587841629029
-1,44867472759837	-7,06791838023223
5,21547705255995	2,96951496458106
-4,89839464247174	-3,48664103564559
-1,78642894766627	-7,42956016577643
4,84863032549923	5,4270592194753
-8,28164864609851	-0,583027642838581
-0,423439066527763	-4,52075415160608
3,93382694287903	5,04213913289356
-7,27803874507105	-0,191347528425182
0,349717912427504	-4,60710820038891
2,43871423116693	3,34289311030715
-5,38897830593163	-3,41854734698326
0,664052362889733	-5,23264175644905
2,0197187557284	4,99844035998061
-8,23703926196303	-2,45249086093527
-2,163513432039	-8,24609900654428
5,33978635493625	2,90385995143607
-4,36779816420354	-2,97225090783543
-1,76654732215045	-6,59884825156076
4,20105711186872	4,52685268800471
-4,84484076863619	-2,26356425954654
-0,0445310717047671	-7,27489947073451
2,17492341286128	4,35842092293486
-7,87759459593224	-1,85365417716946
-2,14144754522736	-6,64535017889159
2,91218277942778	4,31804874919102
-7,20457791026579	-0,154920307768253
-1,45394836096924	-4,57874390733138
1,97050986117172	2,71286913550716
-6,05698836789663	-1,62479556802916
-3,2468164783472	-8,50798582139132
1,4931892834139	2,16055523933932
-5,13140632587069	-1,18978085555474
0,131026985838425	-7,79945345203789
4,29095042519233	1,88228268309274
-7,99395580839969	-0,757133575553925
0,605863175366652	-4,45771253923577
4,72437682459787	2,25215182780312
-6,80396261218247	-0,00350843142895441
-2,08447026157451	-7,98043891436377
3,88283848960427	2,47654866596916
-7,187490383937	0,0290468703697808
-3,87175350870266	-8,68946951309477
2,16516352849941	4,64256829052123
-5,1396675879402	-0,161855449985194
-1,8599763263821	-6,06441466406686
2,70933226916851	1,78413622753429
-6,1279736101318	-1,33625992344046
-1,08661980698569	-8,73876776925903
3,12660107500046	4,51432123126585
-4,72191897892988	0,411996787918866
-0,37891883822743	-7,03118472435993
5,02563329560265	2,40277640961127
-8,46076902568334	-2,8579922279518
-2,85054638520489	-5,31703079413811
3,71410323892111	1,26308961445855
-7,87628473556699	0,169192216179388
-2,57294910606047	-8,52893484370349
4,30540658765674	1,99106326807866
-4,81617476982621	-0,282208084816887
-3,8846452692975	-4,49302872640141
5,75224083495744	1,53239098388592
-4,7052667526425	-0,0731754808947125
-3,50421184360449	-8,60790357833006
3,0239216747675	3,64183758379298
-5,26110376926527	-1,00738063870234
-2,44459150781203	-4,53901755430498
2,30319667988694	3,34831393396694
-7,42431391083724	-1,833473507611
-3,4945161501635	-7,05702445162151
4,9111238030383	1,72459001882619
-4,60102312690267	-1,15429984491062
-2,73350612648838	-6,84700844040267
1,61435966773647	1,91523155663599
-7,03380132062207	-1,70819130558414
-0,309751709680314	-5,30079201049747
4,5050599230476	4,74634574807349
-8,69544900892037	-0,99868900823411
0,53324941898371	-7,4373049925391
5,44454461963055	3,89587610920127
-7,13699582424487	-2,806036945488
-1,63852899169807	-5,53316042016616
5,10820575801316	4,96302014341218
-7,02271186935745	-3,28948926133654
-0,883517623169312	-4,61306326768984
4,91839247834549	5,3375756018835
-5,46374047391606	-0,208979093248591
-3,56012928671618	-7,21781841970014
1,47039413042582	1,76709840522909
-8,41039124410045	-2,17538957636032
-0,28004297647414	-5,88142122055781
3,39508006581936	3,28756100436898
-6,74290092870777	-3,02975454433714
-3,26835408655857	-8,09491205136443
4,69465179539654	5,42296004301335
-8,30406582827522	0,384095673156195
0,302877522918184	-7,90065575845052
5,31039944634527	2,22281745577586
-5,22141017637144	0,274919959144397
-3,51887799649802	-5,00026427523082
3,8361031084189	1,45456123698885
-4,57905188139859	-3,07873408892365
-0,210367731031601	-8,33524548663194
5,02437766068046	4,87807512882614
-8,32092191290798	0,254913538749889
-2,40283701598162	-4,57952437889263
4,48011470750953	4,74274165351224
-6,03693748692686	-0,439122423789843
-1,8575643707334	-8,58963441811517
4,60831372155781	5,23207432216643
-8,25471757761363	-2,58009203908429
-3,13941484463122	-4,36290032334399
4,39115611146116	5,27213178959344
-6,81560420807798	0,302258707038789
-0,694272893124758	-5,0792296178111
3,68581009280002	1,72881698976556
-5,77177826338454	-1,92788029954803
-0,322880780739717	-7,96404321789621
2,26554061697754	4,89773006420154
-6,7715550070496	-2,9646663211778
-0,510898234990382	-5,01846410721988
5,22172255435243	4,85201210344673
-7,30423889679977	-1,27201845205227
-1,86783418461715	-4,97504763152844
4,48584645378105	3,06234915537445
-4,44297912852543	-2,83815685678602
-1,55761142131089	-4,65204929551783
2,59567213822431	4,8844032445454
-8,74393924398822	-2,62415117081347
-0,98237782715135	-5,99161097393196
5,02190722674747	2,94785108379193
-6,7847853641733	-0,918666190077279
-2,71948061080793	-8,28541653299845
5,60916081566005	4,8341392316154
-4,56885518994188	0,567293433996843
-3,29623363008346	-5,43942933315714
4,12274209717677	1,48112561127961
-7,25262496256257	-2,22819348688681
-3,01938272889597	-5,20998148709398
2,56400532349352	4,89873186556286
-5,32118025774973	0,530588254582557
-3,4219062195718	-8,60625411158994
1,28234762106976	2,3569981344731
-6,7432624737047	-1,41782963660605
-3,45745589726505	-4,53124436233632
3,19126122471055	4,71436224676991
-7,24653389325476	-0,961258869513471
-1,45050353203912	-5,87042673676393
2,46869612657644	4,64634206713766
-7,14212671570193	-1,374061163299
-2,13719403360324	-4,64721163186258
1,83014387808901	5,59725925976704
-6,34455491457648	-3,25175587045644
-0,60587467068841	-4,50929766097151
2,82939478018375	3,9596747606678
-8,57947171821077	-2,79059760669693
0,42231452393115	-7,38907974292848
1,38089544683064	2,78824900687169
-5,82754303606533	-0,0554126600677449
-2,44995071866142	-4,68497476864962
4,17895049272061	5,22367232032955
-7,10191138500433	-1,11850628711846
-1,67212661299877	-7,20223251984178
3,82684518578626	4,63059793250482
-6,88637549816809	-1,38948480177514
-0,979384994375136	-7,17673759789583
5,68334899239325	5,33537539660333
-8,43844674174474	-1,703946567404
0,486479814632257	-4,88022688953599
2,94007283187803	4,07234951574008
-4,72435089003031	-3,00886993185908
-2,51176950703572	-5,80759052324339
2,9618555813571	5,48649585166756
-5,66237924584654	0,672859680678063
0,0641359041402927	-6,23011890446769
2,609727043987	5,4931332470508
-8,39670220492833	-2,73091294758768
-0,968747335363844	-4,37074780323806
2,37214666603022	3,33657362192863
-4,58571709944927	-3,64994940451262
-2,0519065152718	-4,68763861081135
3,28431158082279	2,3639442719558
-4,99199110864061	-1,74997283440899
0,532815848310698	-8,05010591862078
4,1310760733295	5,43823034005078
-7,01182875136097	0,0284272709328572
-3,66251017509378	-8,48173149417388
3,29459572170606	2,54079231098165
-4,78323148978695	-0,340880174246814
-1,95688371944488	-8,7626604499423
4,30211052385342	3,50926264068169
-6,32316795607494	-1,26689374128088
-3,19853225955691	-8,26863252512673
2,56641986904845	2,82273578826292
-5,0991619701098	-2,48986903518809
-0,00820853809723143	-8,02372623206331
3,79873926148129	2,07890645650418
-5,00336707922804	-2,08095632455311
-1,10154832280435	-5,55204177301684
4,00914428239533	5,37199379574448
-5,14788372689805	0,279642580543631
-3,1525613533969	-6,77314071746875
1,23046054999523	3,2873722155338
-6,39247352862891	0,240144572617647
-3,8728575107609	-6,65630108730283
3,20987146231987	5,52712013667373
-5,90040804072787	0,62856885930043
0,00323332783860453	-5,02495731045487
1,54080768379964	2,23615685569181
-6,47845378193635	-1,68932172195661
-3,12028730879925	-5,65445521712348
1,44174422739248	1,83600229957483
-6,07542706392259	-1,36908902707839
-1,30591865834724	-8,04945873278173
3,70106946249559	1,67722178205545
-6,08920772671834	-3,26920946368895
0,336635458097204	-6,83553362788655
4,88479383019083	3,81727331702405
-4,95499753808766	-0,633566783226006
-1,3234655292743	-8,73195744353672
2,36854727156382	5,4254074086416
-6,61410513789967	0,344992895198289
0,211882441785821	-8,66945991810099
5,35950918828931	3,92623043482075
-6,74549690348173	-0,452844157867999
-3,0033451717717	-5,67657451203612
2,0722141272919	5,23950628180393
-8,62482595683307	0,667289734838286
-3,77311768146476	-5,12239526925259
5,02091205115282	4,82812804043778
-6,60700324769097	-0,752154346903247
-1,26644093595805	-5,92310917390446
4,78231114794363	2,97954213054699
-4,47008254422607	0,69278124136943
-0,769050968285881	-7,99609197406798
3,0727125554005	1,93617757841136
-7,21664910766047	0,171093768687918
-1,38905245544618	-8,52399540032431
2,9928366084931	2,76107866810557
-6,63698767609774	-2,5755642858839
-0,675342891173689	-8,40948244819241
4,4784855298607	4,93043253130377
-4,6561265408906	-1,50062774387543
-1,49129446892911	-7,09393475180237
1,85546408586962	4,89287575552568
-7,38912662653755	-2,3317968918106
-1,88082609678986	-6,20945931759142
3,95598205063818	5,22972233854939
-4,46709530140604	-2,49377110259079
-3,7295890710285	-7,38016260584349
3,48467179067324	1,58945074974343
-8,06615446433328	-2,6043770614094
-2,23007026742525	-7,1555228199213
5,1501921569468	1,48905309577601
-6,54550308013115	-2,08089788919424
-3,28770229053459	-5,60192736017551
5,50252407253045	2,07707801149732
-5,3733201439222	-2,41893555514499
-0,496372226092808	-7,8232748131324
1,71527173257948	2,99511310847969
-8,20999575394558	-3,50806116321926
-3,45045782267113	-7,96085529289594
5,3795849004803	3,81455792399136
-4,26430807144773	-1,17682352622957
-3,11950587218831	-5,44880038389091
4,04505469409208	3,79386023531725
-8,2728818000891	-1,25189306873076
0,349419605569943	-7,32570122048547
1,83839978652809	2,02159972135956
-8,45025809494072	-3,28764783522395
-2,58684708601504	-5,55199966401841
2,55128233846291	5,19380495821034
-7,54401623106175	-3,4749509827395
-3,5369005283937	-6,56980310588668
5,74732295657051	3,28655964122634
-7,64017208583026	-1,27454994587586
-0,380216034259715	-8,11647787236518
3,34537480406242	3,61141726912506
-7,98096768498851	-2,79493730070755
-1,77930028753776	-5,91311676616087
5,74147514476859	4,73698601196013
-8,26315363932125	-0,42964302832448
-3,36707749958635	-4,46360034943488
4,57792692969177	2,0031628114948
-6,37331259267549	0,514867217966992
0,498187036048595	-8,42057951352401
1,69228249101031	3,49822464239452
-6,336479458923	-2,12251531410869
-1,59194862211807	-7,03913507117126
1,75958517278116	3,11986200189596
-5,11235769865604	-0,998189775195447
-2,14067464200733	-8,00951996737436
3,99386724902124	3,22555363834041
-8,25533196275786	-1,67534178949121
-0,654668014365283	-7,77488083543286
1,35905282729645	4,11884602852061
-5,26559106347998	-1,88032788386003
-0,386998957655849	-6,09461622626255
1,82669808316272	2,42807516535026
-8,1799137424685	-0,047808104060922
0,48316069786518	-4,67000521713406
4,91447299655654	3,45855876292324
-6,93130479818703	-3,08850995245594
-3,18579231004863	-4,90197752394602
1,70423103527549	4,21520100336305
-4,90969037003462	0,503746625965776
0,293517428011076	-6,35964376658358
2,21385407340086	4,14140291348721
-6,3389905742046	-2,34265186625484
-0,617493190625073	-6,32091813171339
3,66762293039542	3,62790644519431
-7,0232506589643	-1,84720230212952
-0,0925354648976642	-8,29914877791673
3,00654680406335	4,12423836908382
-8,45190634496945	-1,93383690611002
-0,898567502785685	-5,40754729962619
1,73704055057423	2,19218539685077
-8,35193320728831	-1,44214246343935
0,655829631975444	-6,44232998769414
2,49244847628638	4,72339488178285
-7,09838924912608	-1,81577698613173
-0,298827844522017	-7,21098585840038
2,95008384429241	3,97777998815676
-4,47280666660278	-1,01476273915378
-1,18039563595415	-6,25486025227541
2,18414727915802	5,06259745958362
-7,68555025258486	-2,29518435806652
-3,30401879530107	-7,14013892916245
3,11558491506848	3,75039240319728
-5,92874102490519	0,510680583943866
-3,55601899705122	-5,01207543003164
4,73631095539617	3,68324904899561
-6,81296945859372	-1,11211897688172
-0,847135510783985	-7,88215028494606
4,2232425660108	4,80180593629942
-6,13552013822654	-2,27677416920525
0,0839835061266174	-5,85174852647917
5,71571820920791	2,38292166917389
-5,9380950788419	0,476322189755953
-2,50637958813997	-6,36100959197455
4,4295579744459	1,75625291819721
-4,59565455338114	-2,28519019831878
-0,423398582147332	-6,24649473512208
2,29461189310397	3,50764851309389
-6,95335304311694	0,432893929185308
-1,6945513206454	-4,52515151326542
1,61921225691221	2,09149872671894
-4,43485405264489	-2,81448179313644
0,457066534862087	-5,6217548696993
5,43027193359294	1,96354199715602
-8,58169233753536	-0,682419198695465
-3,74141506529596	-5,99712765899313
1,40471258012015	2,21761420920261
-4,48858669336941	-1,87537436154789
-1,57136410787577	-4,64810256836433
1,87061130799062	5,25643062483083
-6,61940626811405	-2,55751196995977
-1,01542735063968	-6,46323464031075
3,24836700903848	3,68727137649172
-5,33532747856491	-1,56765106811979
-3,89221224195481	-4,34175054620864
1,72726081638784	1,95738044084732
-8,12989274571936	-2,95117700781523
-2,69597522439973	-7,19239323739956
5,01689830588967	2,20280328882199
-6,93586803513198	-0,153736862156639
0,438588987880717	-6,88323537098728
1,54917187266625	4,71632325258204
-6,27687710224155	0,603989152855948
-3,15934544092948	-7,31690406042617
4,29370563972968	1,85230071527662
-7,45858343917403	-0,211737199379749
-3,43999740114804	-7,85608820272499
3,84777089874833	3,94345608183044
-7,73628477597884	-2,73160990506023
-0,511703269188195	-8,7563565474683
2,65910343389734	3,14556400834524
-5,37471974379463	-0,455726411272145
-3,62415570869597	-6,9589645723987
3,26129934306047	2,91421554774145
-4,4686275605848	-2,50346333704031
-1,86854926376519	-6,18398889068232
3,00547212285795	2,21493143165524
-5,55363549591352	-2,00431893308016
0,489764775875565	-7,06185013724157
4,05269579527321	5,0069968913197
-8,0907997013357	-3,67770631055337
-1,31968281439565	-6,04651515671809
3,9277648532172	2,47274812669266
-4,46237010349396	-2,27662334592965
-0,575446773002736	-8,11992683061754
5,02426072729781	1,8477525098021
-7,83957192973315	-3,62945936145682
-2,82618550805017	-6,0756792658225
4,01804593332719	5,3314169962796
-4,25617303792323	-3,59008596913868
-1,32178049062297	-7,38658359311707
1,52974913421788	3,59248241247606
-8,53839936172924	-3,07451452102513
-2,40699045634681	-7,41619919900856
1,66273918912838	4,24194071770779
-8,62586730930781	-1,68703754425036
-0,051916034219766	-7,44636047548421
1,20733682029335	5,17261149442673
-7,32328698020129	-0,464027773784053
-1,902783773035	-7,39383845181306
3,38871671411296	4,49397217414871
-4,69269298806851	-1,41589664091961
0,050361059635708	-8,65533883792855
5,25990094146396	3,01817621249528
-6,88856899945029	-3,74302657489739
0,402582488634181	-4,32158108713499
1,26380288886853	3,14952901334781
-8,33652422047565	-1,38927958069395
-0,807328297505828	-7,09704352640691
4,86167101953636	4,1754591379552
-5,41668343217836	-0,630352552957308
-0,309558321011963	-6,81141216664817
4,68233304044257	3,68563947757056
-6,60152032193473	-3,24519686795348
0,28504880708543	-4,31225149103972
3,2727051046345	4,28908287504224
-6,83507080143226	-2,14767807095199
-2,61391979546172	-8,08147152662397
3,84949860345999	4,21226931425938
-8,60390740535809	-1,54086754584082
0,46837031286767	-7,2077822749513
1,999339041151	1,31002226615839
-4,56236670523354	-0,0667951635606676
-2,75143986918394	-5,63557300709886
3,27190961355743	2,91897060845848
-5,1502079942322	-3,68155229315182
-3,1945271593213	-6,71306994429195
1,64339631544513	4,39990199373855
-5,16544506177714	0,384971050223641
-3,86503809555906	-8,00822480250826
3,2852901520333	5,2847381617234
-5,59533120495677	-1,33926450344098
-1,62175495068404	-5,08983800736772
1,64789086462393	4,10980182141155
-4,6221991517936	-0,6868703936132
0,563762772833736	-5,82633432718638
5,57968071717487	5,13558336782379
-8,19107996993915	-3,33411042589111
0,390128644815298	-5,94935129470653
4,70564428907619	1,83752659152387
-6,96070078010559	-0,225850263022663
-0,494693912965363	-8,31390722142498
4,53778565310956	2,29785471751344
-4,90121892985078	-3,41431580530161
-2,0602223034004	-6,1749534940415
5,19703985236515	3,89589928787043
-4,95207798685097	0,343603195614613
-3,23695823958262	-8,6328669660444
3,70489823402376	3,35121763286583
-6,64610288075457	-1,37730994167671
-3,52189611907615	-4,953641672409
5,69547454046861	1,8064197286791
-7,52553174723476	-2,32977257122195
-3,68210038095807	-7,30729733402936
2,34943755084505	4,41542973891601
-7,23011792996555	-2,56763594561497
0,0119648958231764	-6,39043128262557
4,53431014899874	1,42570381920136
-7,59504474492599	-1,46953457818625
0,39078685658535	-7,87889547559719
5,74732782238821	4,53402691098854
-5,80703077496063	-1,03903255247031
-2,04195279968187	-8,3408977299224
1,25164246729721	4,31648923989398
-5,51315817551063	-0,0469694172457702
-2,52632748871542	-7,10253560145162
2,03294407337319	2,81015620141733
-7,20837947624111	-1,66567697288503
-3,5982795295349	-4,27701457474115
4,26284624951256	4,46608299754643
-4,53588410897907	-0,425026027189972
-1,6392361359165	-4,27737291625067
1,4572760217511	3,35747894738532
-5,31205067892208	-2,19312385266359
0,292977163843879	-7,03146777093578
2,05428109354238	5,19244132088898
-7,06181660620364	-0,138125913594958
-3,65159232936158	-5,30566018189731
2,9718017251066	4,29751638743247
-8,29534369621637	0,0236316912039865
-0,7799628794155	-7,55889149397309
4,43584064145264	4,35501691082862
-6,96763647788042	0,268759341533469
-3,21020913998591	-7,28773171905695
3,86078450770597	3,97936918516595
-7,61017121741739	-0,582149130416247
0,0183716105604992	-5,14517607913517
1,47194348892504	1,40762631747926
-7,91240211087997	0,698024755160901
0,0920495114720232	-8,68557081099135
4,12320228430857	3,76078064560435
-5,20241963883792	-3,33149886003927
-0,533311263919956	-8,14806886442324
4,88308882257023	2,98220826027591
-8,06722380872638	-3,28340643449716
-3,89146565073766	-4,50253211804654
2,46403891530827	3,88159398024843
-6,26701664581921	-2,52963881374903
0,302362730423956	-5,34916788030444
3,4962674022379	3,3121642468186
-7,18047398452495	-1,20838693570989
-0,243778853907403	-6,19313402549181
4,72260455728261	2,76304356474575
-5,93476614682141	-3,31527155536298
-1,15842827407709	-4,26969740188666
2,13769005097686	3,18707858113516
-7,68398055903834	-0,895006084964931
-3,34959138571414	-8,41049889206643
4,43040666268538	4,253655798366
-7,59614706889831	-1,59742575885258
-1,59459826756935	-7,7486762386808
3,86466153496311	3,32603696784939
-8,38462089231932	-1,02449888732032
0,422273221389699	-6,70096092258769
5,00167052948536	3,60161862101904
-7,25467137554627	-0,954993743909384
-0,0470793925302995	-4,56263833322369
3,33690140000951	1,31131780418925
-5,77101624738763	-0,0584699619554678
-0,874485206385879	-8,60880347123381
2,54568523182476	2,45708249418764
-7,7849477737438	-1,82270352702015
-1,64209093121857	-6,36856722632985
4,68848192887021	3,13476866967764
-4,8173829947779	-0,380667982658222
-0,793136674379828	-4,92415465471839
5,4269083958511	3,99623918344134
-5,60592081360409	-0,3721103031301
-3,071795465473	-8,37102670086663
3,58559111042529	4,09779361114332
-7,45187513696365	-3,63108460006834
0,0881444260216311	-7,53488407152869
2,49846550987004	4,33562441624012
-6,02103234436443	-1,99716815547623
-3,37670420476881	-8,19664955612092
5,6530569372419	2,08225529116423
-4,49651796901623	-2,49579636663365
-0,417106049721018	-8,25524656874683
3,49925451839024	2,61606779012644
-6,96465409827094	0,267974688352888
-3,5726383130799	-4,89033471454484
1,29343975031481	4,42994956384547
-7,852546285794	-2,1830705633645
-1,50621570034842	-8,11027818203275
2,90950290237475	4,2985233708238
-7,16754075299235	-3,02494063754701
-2,84369215112861	-4,47332591996772
4,83912174024846	5,08536971696706
-5,3526044921421	-0,395895308051249
-3,22818279433385	-6,24054401414994
4,72550248477867	4,82652150597714
-8,01658785738685	0,0118817096879593
-1,54109853129234	-7,50775888895331
3,25064679870855	1,78172137062818
-5,82752255825829	-0,939571037762943
-1,85991302998891	-6,05517591114208
2,70085352539277	2,33914780006139
-8,27959416705466	-2,31513781322976
-3,62983610286264	-5,60921881208322
2,24158728921026	5,59702258987572
-4,80007488158629	-0,672752715723551
-1,84820827633809	-6,66535639954611
2,6178877254935	5,36990004311066
-7,94695609667308	-1,54987633189201
-0,343340144249816	-5,33696837486896
3,54708935929145	1,5048567153362
-6,77576990542383	-1,36612597175388
-1,36006241803622	-4,37613245334097
2,98932314699749	2,82559873278354
-7,55837122707971	-3,32070498796364
-2,61873178515586	-4,80155181258344
5,01770300066762	5,48199039214037
-6,60448344770535	-0,134268527718543
-1,90313520902247	-8,05550144815131
4,0480294996166	2,04768348683332
-4,82592070841589	-2,15802579460177
-0,170415600760798	-6,19485601865791
5,16142872164275	1,34553574446964
-8,13685628451063	-0,334727129419505
-3,34973988602167	-6,80517865843814
3,97892505688167	5,07835695932035
-8,595339206996	-1,8895326498991
0,402280802128127	-8,68611454890874
4,68911005601666	3,66298758477941
-8,18979210139442	0,0239413150415273
0,00625481364531355	-5,56964853420014
3,16934582893612	2,48625742914432
-7,04508450701929	-2,14161905994458
-3,83721030317112	-5,73065709198454
3,9521432689893	1,40833664751815
-4,44153797165828	-1,70077818658589
-1,70738552696122	-4,66121835341701
2,87170664443254	2,84880627999568
-8,18463598056524	-1,06387953270856
-2,15367043050524	-4,36849722969197
4,63279820451293	3,33692202680382
-5,97864728309041	-0,237083739182784
-1,49879345487689	-6,22272666822348
1,50353946425964	1,46732269786906
-5,66326229328881	-0,887058894836485
-1,24901043228219	-5,72735259256807
5,5638217788382	2,96408522962283
-5,0510190148789	-3,38983698778161
-3,37169947972739	-6,34198161714838
1,85240834095008	3,78566316736377
-5,91968988742573	-0,149833628528918
-0,325313525967675	-4,25233115111752
3,74154296803025	3,19366816624027
-4,81999501787325	-0,784070460163515
-3,71827324104077	-5,36984345067015
2,07312672818044	3,65320845698521
-4,91552749626242	-0,0125708946712653
0,242807870069213	-5,07068566248528
5,04590776354741	2,94917111701699
-7,92788228556198	-0,630643932405159
-0,896143165392007	-4,80031055832768
5,32063265160997	2,21868757617748
-5,14182473451109	0,413163716227563
-3,42107327571712	-6,15133775449192
4,41870406785634	4,98721736624414
-5,07847661987698	-2,03505432190432
-1,50878197329526	-8,67228777772242
2,35246460962636	2,79576882567344
-5,8250458583131	-0,444827839978382
-0,554663532465119	-6,53454052178499
3,80528985948027	5,55307535151555
-8,12072143051122	-2,70508435297329
-2,00350425131825	-5,18366493755854
3,40887070087566	4,47776198980909
-7,43511093565791	-0,26719797916081
-2,13278105014762	-6,2641017897702
3,85391939875945	3,52808219935905
-7,35997862726975	-0,83990406115766
-0,134291751285263	-7,22043874100371
4,56924246194014	2,94430630133126
-5,78830149079923	-2,48378033731722
-2,65184798199066	-7,92262160237227
5,67686596102721	3,7899927829028
-7,55135915646884	-0,569800859730897
0,037824600732892	-4,83694406160126
1,79405655282334	2,30363900993123
-8,31715603608068	0,0451689702574325
-1,71269082901194	-4,51551805636806
1,35405135904111	1,67424060721666
-7,10633716120206	-2,31074227083666
-2,82716911172612	-5,56232288492022
5,89621278087498	1,70690047019934
-4,49237184720662	0,32207064031633
-2,31383617723435	-5,08981871175553
4,4398003063031	1,63928156067376
-8,45491031132847	-2,81382873493475
-0,431970581232849	-5,17063796079838
2,65149666410651	4,67796837947939
-6,16766420246013	-0,400052917072771
-0,106643483998248	-4,95950658211719
1,8110037647802	2,20363773487196
-6,22540715224653	-1,37311467313484
-1,01527184504882	-4,96887151584245
4,0371638582406	5,01145024367371
-7,4937904774992	0,509426443285697
-3,07067742610601	-8,34712130472235
2,78363807008249	4,66341944936231
-6,21318595514365	0,660164071158839
-1,42132929154665	-5,9009119931087
1,81916945336568	4,78132972018163
-8,27056100292029	0,311411221094139
-0,358761177237277	-4,37280245297444
2,67369870284525	3,14542541215903
-5,26719927907619	-3,12954954890606
-1,15233560305777	-7,77714466151658
2,96242270527584	4,02707606747193
-6,66205653438084	0,53350336069541
-2,32390482179755	-8,43045083590161
3,95961654764408	2,30664157985587
-5,78423965871627	-2,30292076478956
-2,29043084597897	-8,72708350785293
2,43243621709236	2,38541372581557
-7,42915439571831	-1,22163509654924
-2,98480118494168	-5,16559003743944
4,95138018876165	5,35909990159406
-8,72953207293419	0,686285084015401
-2,8846151443836	-5,58302861004747
1,91783266925153	2,42889063126336
-8,59648278281278	-3,34560915374075
-1,83722184988911	-5,48670162352127
3,681072987317	2,10213386780875
-7,04888467460015	-1,4840928801526
-3,64310206194885	-4,89535253496908
1,77447910049518	3,72396108459296
-6,21662898250698	-0,826684980839247
0,483067796581692	-5,67518194274866
5,28113177231248	1,31105264097319
-6,98957147319352	-2,91745950264817
-3,28074390738425	-6,03822621273621
5,56875172369433	3,5694064425532
-5,47646644482103	-0,228703479617638
-1,06883681483279	-7,79713625588428
5,66606806288406	2,96171831252383
-6,58127964227959	-3,10321823131833
-3,03248169952442	-7,54088516464747
1,57241128982307	5,19093082877198
-4,69755947510955	0,122306867352475
-0,456841735892881	-6,22451106349337
3,55939771309691	2,17744263142699
-5,13851083950891	-2,21198445121827
-1,24482220091322	-6,91315850105052
2,74142483359023	5,46062598053322
-6,20478490185437	-1,7240712420352
-1,8845341507494	-5,69681333426796
1,60806962913773	4,20688168041324
-7,49956938455031	-0,74391804842281
-0,235120128353135	-6,9017465593718
1,64437644575303	5,37643617603322
-7,53556201452569	-0,0379139783276585
-1,32813099450023	-6,70711608227754
4,62855554032797	2,64747281854456
-8,08516033054142	0,579068446884306
-2,69277660315819	-6,77721585374411
3,13427483851764	1,62624555493481
-6,53065295844988	-1,17642207155998
-2,23806857021286	-6,43624170188099
3,12614092873382	5,22510810678505
-6,06905172199698	-3,43998375255971
-0,0626919875004766	-5,00264001487824
3,78251278747271	2,02233798408116
-5,35124543491049	-2,25475766198464
-0,748893435971587	-4,60816143235707
4,81026478161557	4,64451169385294
-4,52738532799036	-1,41868741610659
-3,45452321606145	-5,59672729659718
3,01992479694927	4,4940255491408
-7,87422463425923	-3,034205368519
-1,17764698504079	-6,42605229899262
1,76030229385095	3,6325905147659
-4,88134051722958	-0,655663818091091
-0,272078894784245	-6,20716167034674
1,53262997292749	1,69117672296894
-5,95043346786412	-1,38346598054065
-1,72033768701685	-8,37573723751253
5,47389262849112	1,78898158276605
-5,75206101534562	-2,80183962535236
-2,99717126209484	-6,56497759223844
4,17789162823942	3,36688763382223
-6,52704301924537	0,570724451795776
-2,67863727604693	-5,29352915986816
4,41906474522719	3,70054577105441
-4,58291665303971	-1,30045158062633
-1,68951752752731	-8,64884610896355
5,59398870544243	5,37941615024297
-5,48427074757662	-3,52424614335309
-1,93111490757166	-5,09782234866932
1,78856789014381	2,70110648442003
-4,89437775550826	0,663501853599906
-2,17957368983176	-5,0339601366716
3,72608857484838	2,61035481804431
-4,37145965244678	-0,524805895438175
-2,51689449364572	-8,34573561618342
2,05751579614583	1,63401718950917
-6,58048070130655	-3,69302093999589
-0,930250770665897	-8,74234102225798
1,78496249405374	3,05078087555457
-7,37979219685012	0,0720464212421099
-0,116175992298559	-8,32507742171829
3,37266336133313	3,53973841200673
-7,32616396537405	-0,519332662477114
-3,83916520893629	-4,77324698940546
2,52210758317633	1,50879565859229
-4,94899195240475	-3,31627208497063
-2,13615585427148	-6,75049042179143
2,87917120619091	2,28361711020366
-7,32935087267285	-1,40360287245399
0,592797218756988	-8,54549042235426
5,18615781743981	3,19877290622183
-6,69828022478005	-2,09580576477581
0,54121558145003	-6,43369985379629
5,15292180289561	4,47762913043863
-7,13407432110569	-2,61793671916277
-1,29459378602036	-6,72632181782789
5,51407271090941	4,38581515682255
-5,45333945549704	-0,876469180349161
-2,43864129980446	-8,11199778707075
1,85460990238794	3,71522815562952
-4,58823876736383	-1,4487210627697
-2,80225309224096	-8,17753053597879
4,33732835537299	1,41919192039654
-6,85614583745178	0,664253044921303
0,0960583009018139	-7,92939126749535
1,65392475653809	1,85058978865304
-5,31149565718612	-2,7785357434055
-1,50171325851085	-7,53657301365445
3,30272878499851	2,58494379458683
-4,80117681203113	-3,4513028426252
-1,23351780588188	-5,30824553279266
2,12281496917995	2,82897260082578
-6,20509952252197	0,0482567560443439
-2,01909378957753	-8,75578011183289
3,23349660419006	2,13581615391183
-5,69333463602742	-1,35818214934749
-1,54025715207268	-8,24078691801183
4,29293563237489	3,04794341918589
-4,62304401759628	-0,675093158995945
-2,18951131566017	-7,18672380470154
4,73854756597376	3,92860465614369
-7,68022255753876	-2,87438440119214
-2,66540605481536	-6,21038123561032
1,92812342131647	2,78809143755548
-8,69249755854579	-2,36275676896057
0,50102408786952	-8,05456551690687
4,3530599425643	2,65070454156259
-6,87440625620489	-2,01986286171039
-2,65676399371714	-7,56080505069695
4,97657306658517	5,03748338856281
-6,43970127631175	-0,454487884093651
0,390639542442546	-6,95239888790934
1,43821585396982	4,90088793209873
-7,00612796984522	-2,47138672235637
-0,873826013153957	-8,03081088074008
1,38977798689424	1,98158636043714
-4,70391240391013	-0,00118783217080454
-2,09067478001944	-5,43013149322156
4,23298984846496	3,0209915537709
-4,44797666846198	-0,879867135539556
0,189696918800468	-8,7623257831393
2,83386574837749	2,05441591667971
-7,1304144786635	-3,02223565739338
-3,47502057154992	-4,96877965327614
1,22949961336068	2,19921256174188
-4,25091359961337	-2,89604429727068
-2,30893639077804	-7,04741387791373
5,83620653747012	2,05708311659318
-8,24710501180094	-1,28589507748331
-3,27289378727086	-4,9483328207816
3,71639841058195	3,81169310707949
-7,46881817750474	-0,548988239731941
-2,41152388094951	-5,13511297539426
4,05222867903176	3,560115494615
-5,76724458392021	-2,04098564494857
-3,74295853115189	-4,76726241754902
2,30452307823482	3,29304486452578
-5,26306567001654	-2,288952892166
-1,81724514727121	-5,06232116930536
5,02527739789434	2,92956738775331
-7,5805137081733	-2,38947540067438
0,246165395613008	-4,36143190742693
4,01125453521598	2,58862474315159
-7,68789428700786	-1,82845027146975
-0,299601181189085	-4,93692604131836
3,95139185282522	2,05135096418254
-7,75480503177781	0,440767995891325
-1,2268501542609	-8,28983321393062
1,24660251851462	4,11441394175437
-7,56183423747612	-3,06678908715776
-1,51106963687528	-5,07901009464464
5,63352377182628	3,82311736529677
-8,14803036998939	-0,464460749805877
-2,66811391487158	-4,92733630309213
2,68844905181956	1,37826566087235
-6,84657363518021	0,127282853464992
-3,19271375992898	-7,39627004332119
1,63163070535081	5,18284663018793
-8,07613402452987	0,402454492920346
-2,77393500877156	-6,65853459522691
5,14040399076579	4,2062078222809
-8,29989700311993	-1,40294303374545
-3,48210847784635	-5,23641185346426
5,038104288872	3,1455102935277
-8,28074007879504	-1,24018030332
-0,090275573004182	-6,25453063580096
2,90710931656738	3,49784732366476
-7,69672005423986	-1,54239546465473
-2,51466224459339	-5,03979878202814
2,91602838067272	5,06273099458397
-5,68729763542076	-2,01521360873691
-2,22964631565504	-5,45692409302353
2,90068758032953	4,25459559787422
-4,73899698566219	-3,2217310549502
-1,08574330221413	-8,51625078583476
4,79439698095899	2,35228076432918
-6,47549197576715	-0,733714952156888
0,26374461133579	-6,99499670095877
4,53693620112165	5,12246886320347
-7,25828950728148	0,132010337476385
-1,37636380538159	-6,01422334567064
2,07475079657024	2,00827261370947
-8,05179081873294	0,552582754605063
-1,01419133484317	-5,04664531106011
4,57828269548371	3,68255864399017
-5,81191455215162	-2,97269090724936
-1,72632629549918	-4,44713486855228
2,67107146727876	4,64074439435943
-6,9876638971727	-2,21909871129808
-2,76322853533729	-7,87532076417192
4,15628657862579	1,48793878277733
-5,15108442570097	0,10163640964158
-3,51232484243213	-7,5154917394826
4,46924299739347	5,55424437369895
-8,42820710980152	-0,829477132794135
-2,84795491035653	-8,77461375061361
2,51309179430933	1,79789185074857
-8,60770118267597	-1,32364992776426
-1,79743790647465	-4,94362968927683
2,02635993490826	3,72535878412048
-5,65415702515456	-0,510023588025202
-3,84819530465397	-8,2676675757099
4,0211307602305	2,32481859386227
-5,7995213729505	-1,98215521999334
-2,74045763940365	-8,16912722897486
4,43080408795082	3,5186816609301
-7,88396667458752	-3,45628591411328
0,140072230571998	-6,59362582131227
2,03199668152855	2,91738509370817
-5,80455581430432	0,542480413276147
-1,65956888405801	-4,27333979140582
4,36162066254069	3,10309678674847
-5,95467591013376	-3,29405780068898
-2,78278918010881	-7,29811936689724
1,54842880248066	4,09938619654973
-7,59478689948714	-2,49149018559782
-0,674482373035884	-6,1753607624165
1,43551998475942	5,55032698209369
-5,96266080925986	-0,399826780844387
0,484557256459456	-4,9863574115065
1,48587529413265	2,98801124353176
-5,15183198354726	-1,5333987564874
-1,36983527130811	-6,32525211805819
1,49082157331806	3,16720990133193
-7,39184674266991	-2,62188921943116
0,375926057536533	-6,50573183133519
2,04897195542859	2,74845269399483
-4,4085408817544	-2,3628615686155
-2,9914496286922	-7,87163878188429
5,53103166655172	1,29673073754205
-7,69881088744883	-0,825703493286592
0,0525004494743739	-5,58513505291754
3,25677851262594	1,56650096693456
-7,81624978401987	0,610800759870885
-2,47674503621918	-6,03054917092279
5,40352894288072	1,30750344969783
-4,96122407413636	-0,0612830354908605
-3,84059740278426	-7,90382636449827
2,73079358530342	4,04414585162745
-4,36581098519729	-3,73832177744426
-2,67910648159361	-4,54237186346097
5,7737011133995	2,13618793516194
-7,60649113392389	-2,97538306759564
-2,28787335414115	-4,90965656229722
3,48630053419493	4,4548385285752
-5,96541737853351	-1,94178332530362
0,495500892873192	-5,41399580367818
3,9345004896697	4,63065666709913
-4,38729529844067	-0,22358262592954
-0,866073639126402	-4,25539929905876
4,19377867483455	3,21390460282389
-7,23058456516637	-2,67543724389887
-2,56926178510486	-8,46086782509737
5,7134216561565	1,60909602241189
-6,35022099027315	-3,03374361848219
-3,2935806432665	-8,45202815894503
1,63816934882084	5,42589408469998
-4,52729387412937	-0,755814391957735
-3,04493938636697	-4,94790868065684
2,7710215626952	2,0955233908438
-7,60230807120048	-2,62056001652233
-1,71014543576477	-4,40732315927866
5,82096166873653	4,52714909475375
-6,59481346167728	0,188690739628452
-3,60163386313886	-4,38428097792845
5,44701994902875	4,21179991790057
-5,42273585873537	-1,01852952224508
-1,47458683013116	-6,52149418010057
3,02485022462275	1,99780693823584
-7,35400272591728	-0,32418401645448
-1,59488661789822	-4,43802017958427
1,47819056643253	5,28584398849566
-5,49076876719491	-1,8863572105604
-0,013640196459471	-5,85629728927872
4,91692969705271	5,06335124586786
-5,88719888704805	0,103258893970375
-1,89677835086222	-4,33903860554308
4,92383410820708	4,62316801636748
-5,93754324599509	-2,94243903305742
-3,7553045332621	-7,20064371981513
1,80303871151317	2,47175407865432
-7,12515306266771	-3,58962482711493
-1,67125569639486	-6,62091763965469
2,1424637509436	4,77665020681901
-4,33295452393076	-3,62809091572001
0,19050801304471	-4,71755460973415
4,49242957791104	4,2585622164085
-6,66508049736239	-3,36369145209304
-0,0560838137058606	-5,65817760101391
2,28692065075123	5,1677216695647
-5,02209805514051	0,493342620833674
-1,13673116444722	-4,76119839175497
5,34047158275059	1,99788389077478
-7,59849999860283	-2,58556491578731
-0,726813639791653	-5,11765485242575
2,97994368547546	2,35546531606206
-8,06198123659593	-1,24036505595057
0,204630851822935	-4,62271197344477
1,91299471841435	2,54536614615821
-7,15223897876024	-2,32006214984737
-3,85615563608219	-5,15058790890084
3,77002053589298	2,46192070336939
-8,62150084554563	-1,60617366670135
-2,05720820163689	-5,35888466983927
1,34360004578663	2,5846121365233
-6,41403447213016	0,299241234604963
0,578528540320785	-4,48771146324979
5,60538165811067	2,03262978153693
-7,23429374911244	-1,90721796258376
-3,78693810941731	-5,82872673046222
1,53313785122248	4,38606989918016
-6,32175093589105	-1,82914697574229
-1,42799334340639	-7,60942251762743
2,33929838492541	4,18773541345781
-4,47341854692873	-0,679020669227259
-1,61330233730782	-4,93611228276412
4,70400769156549	3,90172000480327
-8,37832414041054	-0,527171615744496
-1,51464268874181	-4,48884312390951
4,74483806134538	3,01552549354136
-5,10295390502151	-2,52932526864297
-3,45617671274287	-5,24664741910554
2,26067159640159	4,95097859411742
-6,70094870202475	-1,94427307153186
-2,95419665445249	-7,11931920537757
4,98454845748654	5,13754487564914
-6,73820923214205	-2,74773128317061
-3,53005946939042	-7,3682922334541
3,51137060565608	3,17724524922551
-4,90025030033024	-1,15428993721201
-2,23380837344118	-8,78033998561498
2,9586012827336	2,70380282488288
-6,59946170073811	-2,2947175128756
-2,79485533802606	-6,27911396274216
1,4461332202304	3,03783460711426
-5,14315984067024	-3,25382082563692
-1,26095682488767	-8,19314735528727
5,17083394340281	4,59575064076812
-7,34662534371245	-0,416970344661854
-1,56759963456037	-6,01582004279497
3,69806408250476	4,32203672528488
-7,52115451134216	-2,79301620470734
-1,22377438620974	-7,60555909599729
5,86777142523275	2,45203247571432
-7,87923754459262	-0,240764933899458
-1,93978337014551	-6,75568455996232
3,63563412812514	2,322715221984
-7,81783316243925	-3,0109980290199
0,465141469015935	-6,4553387566115
5,80589945321549	1,92672542491608
-5,43687408321106	-0,0505906493810064
0,472196025083794	-4,94675493716615
3,68428657332445	4,31387035511335
-5,07433977291182	-0,536009955248051
-3,22622397262222	-7,39989965318654
4,50741145675295	3,20530806794848
-6,84128075076469	-2,11471121508735
-3,70444494934987	-7,30853464228946
4,98012810418786	3,08664425598657
-7,92948208068503	-1,68583323147122
-1,66942079078848	-7,38106191621046
2,82766975098061	4,58318027689325
-8,17688695136369	-0,14973794089045
-0,892099367500002	-8,2970490559346
4,751957787227	2,19960570516142
-6,89818830986667	-0,998723891023085
0,514840742668504	-6,35690538903605
4,57672861632225	3,29019816638766
-4,93374578880019	-0,687218597551433
-3,87847801474901	-4,38513559349057
1,54380822929831	2,88702294782076
-8,70595510948411	-2,22031630781394
-1,40969324531663	-6,64140509690159
1,42641334146094	1,70194503169819
-8,22237223184376	0,568145214522677
-1,14141788190804	-6,87013821524367
5,35771944151172	1,26106160907223
-5,68374079917277	-1,8588852029349
0,526993044400221	-5,18894110053785
2,5158571021727	2,78572544742728
-7,57317548605361	-1,5535917252847
0,41850722537341	-7,82841897996689
5,45530748891361	3,19211403484633
-5,17378154086249	-0,0794540069395842
0,411647742677841	-8,30833658816716
5,52047433182037	3,27122109394053
-5,8630785007698	-1,51439150010529
-0,515682023792403	-8,08669052807773
3,00045982154054	1,71028150039881
-5,63268005468694	-0,427938382676055
-0,428014150982137	-4,30695394329421
4,16139096221505	3,20756939802145
-7,36172257774086	-0,192719279191258
-1,9699430776045	-5,13517765046243
5,15985407229333	2,46768209821665
-4,74245823656398	-0,943418743139217
-0,920018968301645	-5,7895452883984
5,04665404835798	4,21160933561512
-4,80173739571404	-3,50839259403756
-2,01301485440439	-4,62365100013261
3,13002809572454	4,3642383533657
-6,74468572959808	0,480410875864901
-1,60703250332791	-6,8663805221324
5,60115499144532	3,13898783118838
-4,28984518109572	-0,535369971659053
-1,39111124553072	-5,31205321834912
2,88195392278498	1,63158051826205
-4,48799888695131	0,609544544242028
-0,509977695753281	-8,70824131402514
4,18526401690222	1,7450755508507
-7,79753829990939	-3,0212051081183
-2,19890361852945	-6,86163526482978
5,00484260376422	5,50188342254898
-8,73135832144672	-0,882992333460448
-1,2582257421721	-8,24371974707552
5,17802180429011	5,32321361684574
-7,46489548578507	-0,364251463197829
-0,863330725601529	-5,74160932724026
4,6956318150539	4,54382509246915
-5,25787896125157	-2,03959826468558
0,530313999092772	-6,72680976372585
2,50119781596138	5,32627620483572
-5,89430572990594	-0,595600677992588
-0,0662721345055801	-5,67894355164806
1,26605566733513	1,47910698237291
-7,44222303074717	-2,46375504959439
-3,39555515945655	-6,89062500277544
4,33415246895762	3,24984069910425
-6,21823729983764	-1,83262976666956
-3,1792428109031	-5,62181509923868
4,25087977683444	2,03249467793805
-4,66346142016754	-2,8143215664053
-3,4797835164963	-5,40711180027244
5,39415227225802	2,83815269709828
-5,20806869564015	-1,0064624053619
-0,323178641094509	-7,45329005131655
1,39666642978542	2,84899926735385
-7,24640472207255	-0,428380680978255
-0,798737581471689	-7,99627862763333
4,36491396387679	4,57110038197396
-7,04569356934077	-0,915448792401397
-2,35854242856791	-5,22242259999245
3,57822944504109	5,05487269810445
-6,34757574004557	0,0078782107372013
-1,5842904343668	-5,6031965657739
3,44829650001632	5,25884383195028
-6,06480672151795	-3,28571539766643
-0,701992193931015	-7,89790778212575
3,80800795143321	3,94031649376421
-4,75870114804063	-3,14114983624843
-2,06882581650081	-6,97675744745817
3,06472472489882	5,59315056537546
-6,43770019288271	0,108471272659207
-3,64429778550114	-5,31395946250278
1,87118639438243	4,01280629818512
-5,74657313531345	-0,460318306347655
-2,67690882346345	-8,08466285312362
3,84270039319876	4,53097895829734
-7,34999258602824	-0,87974305062952
-0,86418388312158	-5,49497795404879
3,40952318201428	2,33846371904551
-8,13618409250617	0,659500607057189
0,337609838331382	-5,83021162472488
2,93526007845832	2,95346066698237
-4,47751772063067	-2,69692819654195
-2,27772015013706	-8,25478636041313
3,78563786745753	4,60637705243305
-5,79762401144881	-0,460893572357645
-3,49637657959753	-4,45586397703006
1,76363568506666	2,39846954127212
-8,74503951550843	-3,19236507315109
0,404557613366136	-4,86697164012548
5,87745101926908	3,84556250853556
-6,36122928831174	-2,23925335154383
-0,309810875940598	-5,23144758154174
1,25169979923796	2,95492841000998
-5,28831262242482	-3,52017041915639
-0,0281551953359518	-4,40594826367927
5,56262510826887	4,99095033667711
-5,6900918960007	-2,79679714046449
-2,93164863982384	-4,94338608962973
4,08473482242493	5,09581774163406
-8,22648475271937	-0,0197352331979888
-0,803071664370939	-4,5322767492177
5,07485790933284	2,90384610161659
-8,69684343898252	-1,3871221997296
-0,359589945524769	-5,70321616550103
4,8825342349905	2,04498963236219
-8,02050623890808	-2,06569538810106
-0,45419890744796	-6,83245700121797
3,74787826328738	2,4729375278228
-8,11714288243973	-1,04702145034213
-3,57448018286904	-6,53339479590781
1,89175252311717	4,06920118315809
-5,76794319129482	0,64195097901527
-0,912186902262042	-7,08811407741417
4,54658928747197	1,48831812692233
-8,42847205910185	-1,11865423848753
-3,55804177247891	-6,19807400866226
4,19871502601705	2,85138727075006
-4,6556684205313	-2,54171540601125
0,233162651910796	-4,99358033559505
3,18875108416183	2,75169602226323
-8,26714550216133	-2,41568949540651
-2,83658925518606	-8,77611720567647
2,394494974944	2,99688021950188
-7,14325870542752	-0,1736356113867
-1,57037071623596	-5,20822174040449
4,55443950393741	5,4730977283341
-8,047172012336	-1,28066933803584
-3,52107201648274	-6,13454485088943
3,2316275071179	4,04985821494833
-5,28962005853804	-2,203637194906
-2,40822785385352	-5,27104718949547
1,71229003079535	1,72110215609218
-7,16517868461338	-0,912809518417895
-2,62395256539305	-7,31905058547629
2,04753272104217	5,26044103655669
-4,26120410310227	-1,01483824514074
-0,973264021258463	-7,97254998123778
4,91292421618841	5,3884245913244
-4,62407788745431	-2,30377373424305
-2,52675223763593	-7,05540952884336
4,54013529843272	2,90251136182505
-6,72387804024023	-0,0826783177995716
-1,31826412844791	-8,62067330618681
2,87854991779019	2,53615687553827
-7,41560886945988	-2,58634568945119
-1,40579574497629	-6,08440772366838
3,22273105015867	1,58596842397778
-6,29372338956286	0,621437718521965
-3,07819199491629	-7,24271934958535
4,95341384403719	2,89266827600565
-7,42883339445919	-1,48863755543117
-3,7686922241437	-5,12505628049283
3,60325926567763	4,98884077601983
-5,94584233347581	-0,494080965852488
-2,27219979190303	-7,09134469061932
2,04908253151043	1,28622227029498
-6,61615453715821	0,344328464304377
-3,57561139978884	-4,53558644444753
1,45271180065847	5,58524365853095
-7,88535015831542	-3,34310597377657
-3,74792024296602	-5,6078183101591
1,21133520046517	2,49275933412692
-6,01029742993587	-2,92859218793559
-1,95391742616539	-6,53040415510165
5,13837874010562	3,70427698304447
-6,9805908774423	-1,39390862689105
-0,6264129699991	-8,14826607296811
3,29233784872226	5,44901592039555
-6,1433734050946	-2,43475373680755
-2,18613695210068	-6,30556525468233
3,35264741518171	1,33918588093429
-6,82266400348008	0,313675704111912
-0,467542937063918	-6,02940686034604
3,07811141489834	4,9655692417926
-5,55796622559792	0,610814497238351
-2,56896121329551	-5,49721287081255
4,00519851210925	3,89400696393859
-7,29814407487813	-1,45802982518439
-2,31897221953779	-8,32721083260042
1,20655685681219	4,26030910107134
-6,55479040239527	-1,30276706134449
-2,2332951598837	-4,96887875845772
3,50766785376869	5,46732064951132
-5,02546301677781	-2,99791383628773
0,27533922268708	-4,96491295201383
5,59822568082712	3,38946114950561
-5,70964954011586	-2,29946077022478
-2,58403617005526	-7,87050977263693
4,02958317195427	3,12833519967223
-7,0287218223212	-1,08486566548817
-0,0487503333168036	-7,53394797005915
4,39624334370071	5,04612769455655
-8,54249998417224	-0,87995948186588
0,0440584527878913	-4,52453508440388
1,74768841842324	2,74092104820536
-6,26268506934874	-1,70297340972855
-3,68416988843247	-5,83192654755902
2,69544075958785	3,43543173206022
-5,48340022868037	-2,96734363945301
-1,86066419413033	-6,28747061503012
5,74962681098717	2,78197595167668
-4,63604893943742	-3,42960498461336
-3,4114410039252	-7,91171583997853
1,9262257044845	5,4442233315949
-4,59672168757219	-3,05842286808128
0,286636300653722	-7,80756030092373
5,82295207066389	2,64789479654944
-7,03408235083953	-1,70977307066074
-2,40061613316943	-7,64108244375922
3,38867326955865	4,22310495377034
-4,84083509613831	-3,69134689525089
0,41878980561796	-8,71993007911853
3,0487811029199	1,37364547689578
-5,11284037043155	-2,28252683655907
-1,07448314541139	-7,76684059521249
3,06348817947166	3,72831689954935
-6,57288154889124	-2,38198701203206
-3,87571896588909	-7,61591596642919
5,10396561889604	3,30447224095342
-7,38917976816347	-3,62104220257674
-1,42462260793177	-7,7629755249181
2,88612196073568	2,31523362109031
-6,18454513833698	-0,177565892589035
-3,33144204717306	-6,92845088816154
3,15429078920154	5,39899216169199
-6,79499369674819	-0,0244389446198952
-0,226483864814783	-8,3243794934231
3,97159407094197	2,45112255138161
-7,46219631642688	-0,95368692539678
-3,33022846674551	-5,38971123814161
5,29601859426041	3,52687759138109
-5,20394088545416	-0,344567599707596
-2,19408162713128	-6,93458416871472
1,48741199751572	3,14437355987082
-4,76763384503103	-2,24617632340774
-2,07140128360687	-4,41740646488805
5,0011288493065	4,1544313189931
-6,40115471470193	-3,61985345721053
-3,76116554905403	-6,4570216472983
1,91443493043524	4,34195699628494
-6,58043294706361	-0,624145042513275
-3,02669302322246	-5,6839707304331
4,8093191327961	2,12305795456662
-6,49530480505418	-0,719281716259422
-3,14545163828849	-8,34916432525085
4,12964428667704	2,34546959993292
-5,34885683197394	-2,51229620289664
-3,79624035360804	-7,82947444789261
4,86373244188293	2,23737537408019
-6,03668970322822	-1,19632917897394
-2,98651971304167	-8,13143381910863
4,14086803623212	5,18125830074201
-6,17135617654323	-3,43059214078133
-3,25085263404286	-6,21552391524824
3,37312955715647	5,51779745420142
-6,62282389660232	-0,651868645710231
-0,41766636009639	-4,5389742289095
1,73759804630424	3,32310907067787
-4,88186958685451	0,0467078211022218
-2,07937178804487	-4,31598719123879
5,66642334124965	4,87343577443184
-4,86235070426273	-3,10249652711241
-0,594706996098715	-6,17835665031074
4,77045940480447	4,93385464539079
-8,47806357701404	-0,917428139196348
-3,27516074969077	-6,16247680763919
1,85573970255223	4,19484278676713
-4,50100696026646	-2,01789917886022
0,0147793303211636	-5,21940184818849
2,49631248818051	5,59026063021035
-8,60344958677905	-2,04004535979678
-3,69490851064843	-7,21228792980632
3,93268295955266	4,14476461938102
-7,94226608993117	-1,75548927877684
-0,169558028488538	-5,13330876967169
5,27283915806838	5,42544304746602
-6,5679397086671	-2,05549968163189
-0,0431393800814828	-5,50453989781844
4,67743850646256	1,62729721023279
-8,617507205032	-1,48276643027591
-1,67931003543126	-8,18788152363677
5,10921100721268	4,41457627731757
-7,91022133404493	-1,75875844784293
-1,11123343837319	-4,66264768761253
4,66886721501951	2,09795878410696
-7,44116448083458	-0,792237286235473
0,467740305556978	-5,33636670982761
1,79074514046519	2,14934183735551
-8,05410728802082	-3,17226398651412
-2,35685030120373	-5,31074164607369
2,61129936490535	5,54820271620248
-5,60264980887074	-1,1653484148728
0,432829073297757	-5,39085286277712
3,45385180622328	1,67426864118913
-8,74029752569463	-3,58994806479808
-1,22182419730368	-8,52431347005335
4,23559108048381	5,24059795179835
-8,61516321123086	-1,23450700484606
-3,05266191939533	-4,85488248198942
4,45934809728541	4,52953101112025
-6,70843718001354	-1,60610906991443
-1,30874148618726	-6,52229734128987
3,52546416492018	3,73166302335611
-4,28164474038687	-0,865000241534806
-2,58191359767091	-6,44563517699344
5,46660605691694	4,64997309541095
-8,54781596644555	-2,51955377542309
-1,10445264603855	-6,5256400188811
3,97571487932285	4,99749474316065
-4,60016170289112	-1,14986350671545
0,417282578667989	-5,86246823328864
1,33613557942511	2,43098221237302
-4,47956762554492	0,743047730896191
-0,829667732268122	-7,47986056012429
1,42248202661188	3,08235664345394
-7,58002242016479	-0,362529846700402
0,159165799498153	-7,96210620636705
4,04635653382341	5,50632525316646
-6,10794575683657	-2,88327061834206
-3,17507426882848	-4,29480476821057
2,54326460664065	1,76222248594984
-7,41400914715117	-2,88848597851466
0,530603224751067	-8,66492239206575
1,42216933126123	5,01953391832528
-5,0417404116816	-2,78053687810817
-1,64461643638491	-6,74383169315955
2,44362722053196	4,2000268354621
-6,57154143689293	-1,20800461713816
0,690911122035225	-4,60659717045096
1,48426710194901	3,73924726910237
-7,75852730553754	-3,42598605357061
-2,21817713921865	-6,40584201145518
5,09945166086897	2,9543653870299
-5,97150718809652	-2,68410661758489
-1,11735007542161	-6,85689071368287
5,33846526923305	4,46940874479086
-5,08812937968481	-0,270922014530232
-0,170699846867054	-7,51721885737827
4,71978571248298	2,55204470140563
-8,23846838110354	-0,0497573842430343
-3,19445723939866	-5,51828673013983
1,58317639770501	1,84630752460882
-4,86856923014957	-1,15928678621573
-1,24354608562495	-7,45008727173729
1,63888364044403	4,61122172664002
-6,36824696578513	-0,785661897049931
-0,305666229619611	-6,65841796570818
4,94749822217724	5,01091836127644
-4,95615748216448	-2,38443845698531
-0,513535994183366	-7,80935309513534
2,53728100586172	3,80402383039345
-5,81295225525826	-3,11780519316971
-2,22535330599761	-5,97915583062568
5,68331792894411	1,76246598913763
-4,53991467023367	-0,612327231015907
-3,49580251623605	-5,83118422419669
5,72236805411008	5,42204102452155
-8,47999230240299	-2,1171914921039
-1,00096264259754	-5,6107240763025
2,45176856294954	2,36600455480536
-7,4840017787159	-2,61078829489516
-3,85909353396347	-6,75427535764057
3,34383185121538	2,65265434186977
-5,0453776399222	-1,83754405010892
-3,2181561253638	-5,6905743038748
4,5385775575097	2,58894712773447
-7,50670421427468	-1,84191546987041
-3,64541048341213	-7,59257456103788
4,22172226714446	2,81919259185322
-6,391729477136	-3,25154466319137
0,566602987742745	-5,8281606439583
1,59898913144934	3,0199189909124
-8,65642888908141	-2,27006680362303
-3,19690906891373	-6,70601077247894
3,46246775896122	2,10552800836418
-7,96946947121123	-1,36066492537936
-3,19791170681492	-7,25654741709877
4,51614312138712	4,63510233806382
-6,34953175057385	-2,32439222094023
-0,817493805377763	-5,06039582525623
4,14495132023486	4,95492251193225
-5,01209682833673	-2,34598864458598
-0,0268047354355025	-7,24918441145185
1,79218549255781	2,10101352338915
-7,49144673279101	-0,66183896433366
-0,514887391855757	-7,76624762654413
4,02229029423997	4,76498390419238
-5,83777425367987	0,239735149382758
-0,966140462915234	-6,95190513319656
2,84120208619736	5,54225144550017
-8,44969711772026	-0,0133526168749407
-3,32264444779259	-7,76681649993671
2,71245903126378	4,45962283450919
-6,40531797509113	-0,00331714083210688
-3,857951411627	-6,90531626203787
2,12987948268282	1,50244228331988
-4,66047727510917	-2,33609258781615
0,197635640638576	-4,81400912515079
1,80898547687585	4,47407914696428
-4,30879057969868	-2,35502787729719
-0,776320742953776	-5,32800579569774
1,66087186941658	5,52185689707996
-8,42519812569977	-0,0290771857662309
-2,19468600226494	-7,61925926677067
3,76655680249989	4,66501545372603
-5,57231524954664	-0,487905963186785
-1,9672223617082	-6,73159980839887
3,56258768854203	3,77034716178841
-7,19191789807218	-1,51289632080036
0,182680686400829	-4,6469608086678
3,25775433879848	1,93925797043945
-6,82969053856847	-3,03615900190063
0,438966141319584	-6,80927200847466
2,92206192017071	3,46848038063455
-5,66543421911808	-1,97121225375747
-3,38459865281798	-4,26707970456097
2,10186351565701	2,46471534726967
-5,98482158461657	-1,50784950600116
-2,70865935542049	-4,89397466443421
1,91693677091753	5,01998120023766
-6,85969481431355	-3,3566840241006
-2,46658633584758	-4,98299994927059
3,70734677337587	2,52939438515649
-4,97958540092508	-0,619007734222842
-0,324515192668154	-5,17830123416694
1,56266560629864	1,94292400695785
-4,46938597803151	-2,10926103074662
-2,17297982340409	-4,98190417910901
5,37920976473386	4,19433796515418
-5,5913170346025	-3,64475195150976
-1,92745738782345	-7,92676983533148
4,14016254784512	4,18672232281298
-6,17454359610461	-2,22982102280167
-2,51655439207964	-7,38392939820237
2,31510587427326	3,22062083612842
-6,63289483176083	-0,114792645278448
-1,18463491500257	-4,7597899341509
5,45642526405595	4,5171209118887
-7,38868378210203	-1,53222133058888
-3,19534137470246	-7,85355617278664
5,0055169052773	1,61241482195036
-6,09637229255469	-1,12642903174524
-3,17350407508005	-4,50053519288296
5,45858440433522	3,10066807709603
-5,00807368934441	-2,84806527562258
-0,254192363018392	-6,37749057713829
5,02464626300681	4,63483503194006
-6,3100777070417	-3,48849313766235
-0,572767947965542	-8,1838145850529
1,43497220264462	3,00686015031327
-8,50261607764798	-2,30279216299201
-1,98705746850388	-7,94804233428861
2,54199773648991	4,78850221063255
-8,43106334788796	-3,5479902810929
-3,01316664988716	-7,02974372317233
2,27661748368059	3,08954034518067
-4,7236238963459	-1,26454907346009
-0,700842804031481	-8,20324689780581
5,43717460552495	2,504028994534
-8,69261351486069	-1,30236423969673
-1,17922648566702	-5,902453177302
1,58043634468838	5,48422215936262
-6,5525851825869	-3,12281502259391
-2,52261136990442	-6,6584644370432
3,14098156865246	3,40222070077441
-6,36982414323643	0,0797781247675231
-1,08914086076624	-5,98109933740485
3,3799318177299	1,69086453354382
-8,02107454475252	-2,5027270408347
-3,20678964870847	-5,25221784464045
1,35861078557863	4,04670608398935
-4,7669122349636	-1,6073095526746
-3,59809311750641	-7,80593957218594
1,65412212964995	5,35278162543178
-6,86376683196314	-3,31249514482476
-0,0269536361134928	-8,29880895634618
5,60363842785051	3,15514158814228
-5,35137344598596	-2,2332790935145
0,388877394232528	-6,90527783808999
3,23033554331779	2,70404301783748
-8,5951935135619	-2,2027886503114
-0,698706132371337	-8,30754516953443
3,2931433570398	2,94829199399222
-6,45180930560783	0,179584479284104
-0,977980267786273	-5,5797364797817
2,09726902373437	4,24723746582248
-6,6791655752899	-1,41133297304139
0,358036277343985	-8,67078007281769
2,13330667787912	2,50548387416873
-5,33253220855137	-1,43941603157666
-1,14759034209021	-8,49431062160867
5,87921254785216	3,0459727711394
-5,4795209475751	-2,12366851934181
-1,03903311114912	-6,93722624810831
1,71755954544124	2,34818492604189
-7,93040627758893	-3,0197025876838
0,585446076880121	-6,83991647156426
2,32868003579739	5,09238687066809
-5,80639429851504	-0,359752010631084
-0,379373676072807	-8,6254283116056
5,12890505249482	1,49035391723291
-7,3648314030827	-2,97676495122226
-2,18063656779523	-8,77467044118255
4,84750210296051	5,3766114486332
-8,261084834683	0,262747321785606
-3,605742269171	-8,4790115712378
5,28777108582168	5,49321000390413
-4,69629103366839	-2,08780660353699
-2,40683947117326	-6,24546869648682
4,48950188604381	3,59888161834207
-4,81894041715717	0,576158697744903
-0,591853359875223	-4,61580161636582
3,24886985203128	1,42551982595165
-6,70805142141689	-1,10198934806051
-1,33809079801418	-7,23506392123261
2,24763765455769	3,5945370761788
-4,70293219767806	-2,55188045439397
0,341247308391293	-5,760758761964
4,25969468507302	4,47093387790105
-7,96112075477643	0,343104586213808
-3,6468669708501	-4,45534491569031
5,78241976711708	2,16284701180207
-6,25153265435187	-3,1143196689474
-3,6476848465073	-7,05751607521883
3,23728193378444	1,93945482127511
-6,25180837081997	0,0936765041719112
-2,74623351104199	-7,86672613357067
3,21462477686571	2,6232755582648
-4,7054343663677	-2,58819266238356
-1,88890877853223	-6,71483888764686
5,645458458594	2,14133876759189
-5,07257672843933	-3,41319421395011
-1,22857474665369	-8,1929797254684
2,13121925857111	2,45414404399693
-5,79524892910291	-2,04587758281884
-3,23323441048717	-5,64082209532419
2,45415521611242	3,39459358966274
-6,29543347512814	-3,11753469650464
-2,43346243743086	-6,73951198478285
3,82850838798363	4,1165287366493
-6,28313696754635	-1,19507419736253
-0,732176378032637	-4,40502066495119
1,3078536394379	3,3261885561397
-6,56291362348468	0,523312033921331
-0,432498770934029	-7,78747188978279
2,67787633924738	3,91601860713184
-7,45556146295675	-2,69477209642694
-0,273145948509755	-5,82279501194604
2,6634929832519	3,26607957623872
-8,55181832635838	-2,80741408219964
-0,0164733967080397	-7,54474636429244
1,37773168687994	5,00159423387756
-7,62485586676855	-3,06139357246702
-2,5067812739783	-4,85831505052638
2,78225922378999	1,94883111402214
-6,70225963163656	-0,107830835501376
-0,850278390398291	-5,08983260065532
3,02872660104155	5,22232062607191
-6,74584403747965	-1,37503402230137
-0,163163536145925	-5,72462446798139
3,19099411811047	2,66603087483537
-5,97223232824231	-2,48806394477421
-3,77733874026724	-5,83554137516659
1,4995540884279	2,98387406523404
-6,99477777265085	-1,70877282828136
-0,980226170423856	-5,75336397692787
3,04756488647446	5,18935868253988
-6,04683757191106	-0,562648957754969
-0,123517629096583	-6,2841178427184
5,15451715334944	4,46570336182963
-7,09943658349985	-0,909495267567519
-1,46896979426955	-5,25251787331976
4,11311263846097	5,08225684994627
-5,44686539306222	-1,03843907399075
-1,78568509815498	-6,62854808844839
3,9377258460786	5,43584183749454
-8,6468120074252	0,253531071813019
-3,74389267495658	-4,41708139098834
2,70380171997079	2,02129903796192
-5,17686782199219	-3,59087441108477
-1,65887430928567	-7,63865743284318
4,12382478306256	4,63790744146763
-7,6006962721141	-2,84571724867016
0,232073392577171	-6,8008613584023
4,93370207703104	5,09237208958001
-7,10868517291194	-2,92629754259503
0,208954398531197	-7,44522237778154
1,30559094696941	3,78186990232053
-8,04341826339266	-1,88760646674654
-1,84738935892838	-8,60226342083316
5,72955113800961	2,53533457280392
-5,76427133254067	0,617595495424617
-1,47436166273015	-6,57448720102722
1,60711761209683	2,96412335993628
-4,60686868545729	-2,66947124303316
-2,70744697472413	-6,06460895414404
5,52811318152007	3,64420881010199
-6,01949908192399	-1,92008153292543
-1,44980340620574	-5,36448926888471
2,59641763379811	1,92454785485719
-4,8277856592561	-0,0342792765184736
-1,76348443016161	-4,62452101055021
4,06372667125353	5,41304200057248
-5,31167509079327	-3,61948779830082
-0,590380722038814	-5,93668995178107
5,0741472823192	5,58550042136443
-7,09509081721554	-2,40389434314454
-0,980501315497615	-5,84544026043698
1,23189180817546	4,22607165712718
-6,00012872316846	-0,65047603859608
-2,95908616443175	-4,47005029744835
2,29182057666907	4,28336209780523
-8,62664323992106	-0,751259220233252
0,697521773416272	-7,51913456336556
4,65012083939842	1,38777210503269
-4,48120798245617	-3,52297079100726
-1,09533778110789	-6,6127573178717
1,48013221498633	4,9536185502923
-5,64302063798096	-1,39597658558838
-1,05607426509316	-6,76319810722312
2,71740661832579	2,46560843534595
-7,6011912108697	-0,0251302890188452
-1,75354189056191	-7,21627305172147
2,16179304984123	2,92611378844161
-6,90017160940536	-3,04602899469004
-1,2500617959801	-5,49265366866384
3,36821547754111	4,33060681312509
-5,3931257793981	-2,16517871344323
-1,71039733759926	-5,14161093027574
1,30672549689893	2,47054380961439
-8,72654372199725	-0,81119892178945
-0,191594251634322	-5,5169780044085
5,34662771321611	3,25875259397724
-8,2108716148509	-2,08170355957024
-2,3907292331905	-7,69812277652843
1,31857241755309	2,06727987496337
-6,03800487807985	-3,5599026875147
-1,63764038219214	-7,68748390392714
3,43827907796221	2,3409678173549
-5,00183868599325	-0,563623084876993
-3,24472905192948	-7,84687102562682
4,82814614811416	2,24956408555962
-5,66932364174646	-3,71780835516741
-1,92103501177163	-6,62977873234238
2,33731803177151	1,74734023517075
-8,47279854925019	-2,29664292801732
0,577123577812694	-7,78303608921378
1,26484165518497	2,49631941363566
-8,116061722013	-0,560562596379041
-0,330992717756316	-6,36201433192163
1,27870627995609	3,23708699134794
-6,96228046419027	0,145006736949
0,53820585878825	-4,628828664375
3,41570746432085	3,39940468198212
-8,02215032951892	0,317764971109974
-0,326412783110077	-5,19836722731739
3,29645059013021	4,8218468265858
-7,75479748086234	-3,68913632151785
-0,750883938455541	-5,69332944356757
3,14004393451441	4,81785763263395
-7,98674082374191	0,52951821439285
-1,71366310095882	-4,63447608669445
4,53792908017227	5,3023821870052
-7,55184236474014	-0,149914628379381
0,62480475322113	-7,70780570021415
5,79281555642201	4,59497681451084
-6,0158254422589	0,157742674365345
-1,14635094194386	-6,85586922225046
3,51753884235974	2,99300909909936
-8,17645837908359	0,0440620431603085
-0,230653038498007	-7,96640358176843
1,6685069271141	4,79176263813
-6,29463631479512	-0,598503233936827
-3,18269180623728	-8,72766585574218
1,48480349591442	4,22254870301561
-5,24143129226256	-3,38290087241993
-0,42599125432843	-5,10785212680801
3,5850451263649	3,40165101291419
-5,33662257422229	-2,01077554988798
-0,258077209080603	-5,21156484872337
1,70766928176863	3,82352429635305
-5,58815707675558	-2,1059974637315
-2,4009733757962	-4,98733419876819
4,3489697679937	4,181539362908
-7,24103139830798	-2,14556487815953
-3,55835651955084	-8,31828963888915
5,80848081580425	1,8087564268621
-4,58115338508373	-3,12661189021307
-3,2537202155238	-5,01343502831092
4,99914411401934	3,64906585265867
-4,44459416803934	0,509977961536079
-3,55249752106218	-7,75727513963807
1,20879458309457	5,31827433172432
-5,40331881400417	-1,08177572528407
-3,09722276435866	-6,81701342123566
2,52156287655428	1,47411235425883
-8,4263230520067	-2,78912597960387
-3,00119364593888	-8,19929411477797
4,81755313996756	3,37255818531359
-5,97656156097853	-2,16312425713863
-2,18836898716992	-4,55245376416685
2,28607834942372	2,59837835963393
-5,91044275091357	-3,21000058215407
-0,0725573474418328	-6,82616201556386
1,50826057214218	1,81093146122474
-6,94275819222867	-3,21812423274365
-3,81088176805338	-7,86997626711039
4,44275724956243	4,74649138531605
-5,99485159882712	-0,864761592594753
-0,000915074481812717	-8,31082187259286
4,52084353509867	1,85860354993383
-6,85005565290454	-1,99508685708593
0,306885803246163	-7,27878250742724
5,43707683431013	4,92027858210393
-5,22416539566562	-2,68728127586882
0,342917368807429	-7,1163448176701
5,14844357964702	3,64274185870088
-6,86165499809627	0,394439953908664
-0,480183554811515	-8,10169863343964
1,61660500407591	3,26493792094098
-6,89328579921101	-3,15347777212576
-0,0296453923012656	-7,43843635341098
4,40128518055411	2,48365672830431
-7,387803397847	-2,62254819626279
-1,95067553592704	-8,03229259095746
5,63660829842878	3,82391017858099
-7,37566895676209	-2,53224150857526
-2,08751794591743	-7,38312004173662
2,96246987757478	1,85234939272067
-5,49816115651244	-2,1884701508156
-2,51619442125909	-8,61610816433598
3,46258245426799	2,5204625340516
-5,57637748321976	-0,245900627635362
0,29192720418378	-5,89084179734017
5,10654533293704	1,4546048129822
-7,70617971529161	-1,07702799583656
-2,33645607494828	-6,9706418738495
1,23825294980385	1,32836662251358
-4,99993305989073	-0,995214407252705
-3,01045124670455	-4,81956141471552
3,65243032050258	3,40207347217647
-7,24519413298434	-1,25581424588812
-0,873577552867222	-4,64434559757828
1,4245662673734	4,93951743772887
-7,72481903771991	-2,64646516236402
-2,324650067959	-7,4835450616852
3,37385811482823	2,23911739677623
-6,17987928837838	-3,0479101060023
-0,12299562678199	-5,35592478155492
4,65218996579362	3,24769546036647
-8,31389206670562	-3,04133432954598
0,635953378624155	-6,12155517962462
4,31905277185816	3,29574590603119
-8,7270496556758	-2,85987863784503
0,372161302825393	-5,14110286328272
1,34363165825319	3,44399716024375
-6,28039967151678	-1,52371793868616
0,661135074212863	-4,64804949717978
5,52925447853824	1,53220475342543
-7,99250801840824	-2,57782759303693
0,230108153197402	-6,16890540597935
1,58476952112318	4,3527824621156
-4,81888007272857	-0,16194802486998
0,12970683727758	-8,4661735153249
4,0307206282002	1,67994797465904
-6,39892004751431	-2,36667350188229
-2,13794936654903	-4,96235558365965
2,57086774229895	4,48853738798811
-6,77890196045591	-2,99545469181822
0,351413274938456	-8,32995039383186
5,5466335814121	4,36892581994778
-5,61295379434684	-3,53155566696745
-1,78583580920126	-6,90681361056808
1,28786655887312	2,97476305049978
-8,57707163439649	-3,53677334759299
-0,311174333624206	-7,54556616509915
4,89511350941093	2,49595756318112
-8,29649536823818	-0,363637793337157
-0,44492803177982	-5,23909040970182
5,56068544940971	4,98565550987034
-6,68927587860272	-2,44033525276761
-2,25332113810637	-8,17916473719181
4,84498468888353	4,3141391131282
-8,06863064244365	-2,63894615794817
-1,06871808022511	-6,25967390166637
2,48640918342354	2,21642738149709
-7,02412137034146	-1,44283320756292
-1,71665858164384	-6,49073566342214
4,31588973578394	4,64202441361146
-5,19708598712615	-0,981615215373113
-3,02044869067239	-7,95781776100114
3,07202614643591	4,83535827901271
-8,20722443800394	0,138884903922027
-3,28684154994268	-5,88064351360705
5,2817360390914	1,79535523985758
-5,92666485380762	0,202781386042435
0,399692658565224	-6,02805567043825
4,36912358847876	3,24880865229872
-6,36914668526701	-2,94048702919382
-3,83676916711998	-5,27980386422033
3,34867255187294	2,5584651838864
-6,67810120972474	-0,337841954597158
-0,359765469033215	-5,3829121967165
4,36915237768444	4,59458917795517
-5,64322688682567	-1,80509150427551
-2,69313305024874	-5,09666837482971
5,17094534819543	5,24645734908673
-7,73619921019713	-1,06293953351546
-2,18115004741835	-7,23396462582532
1,86503831722567	3,84018182691939
-7,37703547680543	-2,32609899745116
-3,26343882284984	-6,2771859908992
4,52719214699949	3,26955593055767
-8,40180049793099	-2,3355521415005
-3,06772619638556	-5,81670553078227
5,38749394417693	2,1259711816411
-7,36960392833983	-0,169232929478291
-1,89166017139567	-4,74679046592463
5,84593959263558	5,4108080534106
-4,90467157999467	-0,624273621758859
-1,01886565134778	-5,46922415315032
2,68844425541783	1,83456610832601
-5,67380860064781	-3,67404334773308
-1,532470870651	-6,48125250536754
1,26096227834098	4,03803730976786
-7,60353882598063	-1,14515565019779
-1,15221020929872	-8,35759915832104
5,74761667429553	3,43056483715822
-8,14533264774627	-2,32327663108993
-1,11925756228809	-8,58688237337382
4,28920136098672	3,76514872241121
-8,43090404956243	-3,07880290697343
-0,574726208351723	-4,62851867891483
2,39374769271914	4,67048033357168
-6,83753617404336	-1,73213436814726
-3,19510167513055	-4,49222412411004
4,6776205342631	4,87156878559494
-4,58407873803976	-2,62523783335207
-3,02443462220539	-4,33164841210475
5,4423733747651	3,7906673618842
-6,43313516990832	-3,58560611150915
0,365915811236434	-5,08762473868201
2,11672965028264	2,1896104494629
-4,77232841316547	-1,40200936598789
-2,99762005973747	-5,6147003151723
5,19108487377011	3,57398383194821
-8,02304732182668	-0,982190667503725
-0,0397515147880516	-8,6293012286672
2,37814882219657	1,52081142234216
-5,02264735391918	0,273459882117394
-1,74606838579827	-8,62570850176236
1,88903220965348	3,72367597428556
-5,47871458531487	-0,907612166540047
-2,40738801609982	-7,83823616037879
5,22431922116655	5,20231179228178
-5,18869001619466	-1,85497948450106
-2,86393575456938	-8,43112751207966
2,29802102308714	4,60453388442657
-7,5712114036329	0,412886375775368
-3,78581748258097	-5,41931920634834
5,53577785185566	4,95285487364501
-7,58090805728822	-0,100046032894471
0,453371181906406	-6,9769551389566
2,44817766781427	2,4709530842803
-5,29247112735535	-1,86584710916255
-2,37997396122934	-7,79530761771405
5,6796962760651	2,57151759489173
-5,97930892572539	-1,29219620557686
-3,23733202919853	-7,16277357276514
3,11304631133136	1,76619963231532
-5,31186240277967	-0,921435910904529
0,673356357562549	-6,42926233065622
1,61054710323155	4,2359256195696
-5,39535492066661	0,200361719867501
-3,25106783919542	-6,84437791176104
2,08652425865942	2,74921024225959
-6,82637751794062	0,16372121156753
-0,360952152915743	-4,98080623750584
2,98588948280053	4,73704557976573
-7,62701111035915	-1,21651877871194
-0,115247533078661	-7,64745301877833
3,09952494895764	4,15462042972112
-6,21172288144798	-0,777493944089781
-2,80428847547214	-8,58142628548785
3,35675721312215	2,19553470393845
-8,30596882783066	0,603911029898667
-0,912146565667823	-6,27672144320168
4,00914892691965	3,41007357570541
-8,0446794098434	-0,185070454540281
-3,27248904579733	-6,05069534048151
3,56352790264819	3,44166002637935
-6,64451632634462	-0,333611276320814
-3,82308920584585	-7,99931980364004
3,8716449701339	2,05512825077376
-7,98804222496773	-2,21971242843707
-0,999136210658044	-6,5762979738171
5,6784030088543	2,42744764018571
-6,43888382323778	-3,66521414664792
-1,08948363149971	-4,97086304771744
4,34104514288133	3,1087836409453
-4,87113353847547	-2,41873603445995
-1,29354599039745	-7,10004478755908
1,52117740093728	1,32155715357568
-7,50254555338138	-1,23403265128644
-3,35655118027025	-8,34596060443543
5,40397356575576	2,36613223600277
-6,60740801404268	-0,099636763480766
-2,14481112321351	-8,41888517159738
3,75049542198694	1,86311878887872
-5,06878329874667	0,41051438911033
-1,45181193001522	-6,48634844984487
1,61749132624483	4,41070609506437
-6,8509151991076	-2,37168705843789
-1,28885933963988	-4,43844207203001
2,7289760035495	2,42391811626179
-7,8320827017921	0,649802186474311
-0,519584277697132	-8,2257510658468
2,56441423973681	4,73014052668562
-4,88195793045827	-0,072659731635957
-0,712495806043482	-6,96814318041307
3,70665532266547	1,29868393888406
-7,27784917460219	-3,10956790166708
-0,724713326322899	-5,32060441449054
2,45577659570339	4,27894926978093
-8,24416523075304	-1,50110712988561
-3,45376581687625	-5,2642681147119
4,15057428078959	2,7364008016484
-8,15966365953107	-2,20119220149531
-2,09791391608359	-6,33949268270873
5,06742274754051	3,48240885175817
-5,90142619971536	-3,60218439535234
-2,69193182517094	-8,00201583254277
2,295347476591	3,26757009329154
-7,66411905545374	-0,890791174453699
-2,10632770325967	-8,21098679227043
3,97898209898604	2,18093157504075
-6,88065928015136	-1,82175437679637
-2,93109642004047	-5,86407018329494
4,8848911687977	2,13223659786475
-8,1805737884155	-2,32965573894548
-0,340667967785781	-6,54270017735898
5,12609697687709	1,38702823101142
-5,20099624777196	-2,42901649370196
-1,89803374902236	-5,13920068673001
2,76500581495937	3,21074508776611
-5,72004243965789	0,0392515484758267
-2,77227427481166	-4,89477266518528
3,46695998315462	2,83488780408431
-6,92551078241593	-0,167188094424191
-2,82898879349163	-5,14802590196776
5,52800041321326	3,34617315917852
-7,15166194592364	-1,12424060752979
-3,82524415419241	-6,08703680437013
5,73435861908201	4,81351006562077
-8,3411981657791	-1,31195532341018
-2,18701200486706	-4,95781386036703
3,11848814638509	1,83226019951867
-5,5694218027588	-2,05527719575414
-1,00626124420646	-8,15233304520821
4,79308660161391	3,85890756692445
-8,66973770101853	-2,93193464495243
-2,44661160088632	-5,93600640626285
2,43747380538882	4,45400055267753
-6,09328790966307	-2,94368930387693
-0,62256710573387	-8,36573817691932
4,90816936996641	1,36177414530967
-7,12011498082705	-2,3246954375972
-1,17379272682037	-5,59220238276096
1,41694737284074	1,75998558917783
-6,25798395137359	0,284659787014913
-3,3379763077807	-5,48839364439967
2,26469517295586	1,36593950765369
-7,47014218144156	-2,06190140808985
-3,09708428287299	-6,60287275231753
1,9823116239551	3,65347244601182
-4,33490288823424	-2,35232515442339
-1,44749942247282	-7,97845387070248
4,25678873972379	4,0717930576268
-7,37842158344351	-3,56704695132145
-0,907857277428105	-8,44547654050317
5,71734752825767	5,23703442201859
-5,73984544533283	-0,221692394454825
-2,03376280331971	-6,68669450393156
4,53110309032707	2,45332781205943
-7,53737371516312	-2,17731901114991
-2,27411419524867	-4,67970612837104
3,99812131918315	5,14758995001584
-6,04057664428408	-2,97779812339172
-0,361137171590098	-8,31841898394689
1,89951777807091	4,2657030618047
-6,45328111516115	-3,32539262523382
-3,24155110365001	-6,01946461902113
1,42379179982246	2,45023067154678
-6,6902569127325	-1,43387548182073
-0,331030562903309	-6,86134075642528
5,37574705365476	3,73334544429711
-6,94509104030012	-1,42661620982487
-1,18699818791312	-6,4713906973697
2,13565911051575	1,77404796580475
-4,88133358482053	-1,04494290740849
0,699402756801001	-7,06316241366783
2,90401095972058	1,73922070410663
-8,1469216723087	-0,112081615092651
-1,02454081771356	-6,72073519746779
4,09593094186092	5,06592584739513
-7,69247562552358	-3,03120615516341
-2,73805022239192	-5,20401677267628
4,78655980989947	3,23599146783301
-8,67357634891167	-1,1980206547597
-3,24907831930422	-8,14646162368156
2,04724047115668	2,13921379347627
-4,70806085561225	-0,62872066069006
-3,35517675010369	-7,60960691197736
4,40245685060226	3,28350199826455
-8,16769650039524	-3,13370861867693
-1,36665757715324	-5,25079565525322
3,51532103358934	5,44502964554001
-8,43860097233266	-3,23152492507061
-0,292958176513194	-4,60582251589512
2,00437021556452	1,42016710646507
-6,16156369404697	-1,69666831044787
-3,54070495685149	-4,38998379722098
2,63345317446577	3,12571244120039
-6,35092199924478	-3,66903737910943
0,00323876191863759	-7,27954573281234
5,75795902032395	1,8380607121463
-5,87933090319731	0,123518775649177
-2,13449719675628	-7,38312353410759
5,04364409485014	1,52110780379944
-4,80560736946587	-3,50661981858203
-2,18847565170351	-5,84724222930069
4,89865050304074	1,39368760696826
-7,71525542436198	-2,70053688970263
-1,41945187894297	-5,43265048200059
5,50098349248055	4,14576602339771
-4,47572485385676	-2,79853893541505
-2,56560939867195	-7,94865477442806
3,07107146082518	2,70051374365972
-6,29941505764997	-1,30215605406943
-1,4852241958527	-7,67556173390653
1,39622092634347	2,56159908489319
-4,83027988877466	-1,75638029306012
-2,20130676417216	-4,54696687179657
1,25742806113472	1,55560231782475
-8,28969157928141	0,502766128396991
-3,31506361396379	-4,7731205936967
4,54118974634155	5,16343231272542
-6,26104068515566	0,0844522860577266
-0,143080896432605	-7,84798877541468
2,53296252644192	4,73285375316549
-4,95097960158882	-1,4039843180577
-2,95210815554372	-8,69946218911646
3,16240455619454	5,59914547201591
-6,40300078719919	-1,19594246582682
-1,97845873323067	-8,76480625789134
5,29990281569309	4,09925097998722
-6,02579715557843	-3,60049997733094
-1,94174375841556	-5,78329394265308
5,02063941556903	5,40556728597243
-8,26523561920417	-2,52644341141941
-3,56034436597118	-6,11273415745459
2,71478760368289	4,39545727564893
-5,07491068301125	0,433950376746184
0,164069533121312	-4,98146680935574
4,52937197994051	2,2931869653337
-6,09376368973436	0,440696154024066
-2,37318514402077	-7,25887526721638
4,8000869720491	4,50359968042331
-6,38454492046405	-3,2898396859886
-1,02408713592225	-5,6034257103551
2,98134921524876	4,30686656701315
-4,57846038511787	-0,354081382553601
-2,57412104373222	-7,78173842467823
2,63848017917351	4,14936621299987
-5,75876901602188	-2,28098853991924
-0,663195996203521	-5,15271992521901
2,88680701200512	3,08001324689273
-7,00917967012781	-3,57092727926359
-2,41789128771951	-8,46388718729709
2,22649970887938	2,3458732659353
-4,47744986608066	-0,00796687202431645
-3,50930782065795	-8,39889131248309
2,83846522817514	4,79150777210071
-5,30678972316433	-0,381657011044834
0,0359075325529794	-7,85913714627911
3,17799119249677	4,6530823797168
-4,78550843524479	-3,26176326294848
0,143752815649278	-5,2718309976011
2,64100990411836	2,10323059487019
-5,47159990369343	0,617128729793108
-0,814202900298114	-4,43801025746724
3,26745628140402	5,50225894193485
-6,50628982278776	-1,1320978061602
-2,39031508055202	-6,6981658209986
2,69913801577936	5,4636851342618
-7,61944276385948	0,545455657217466
-0,694220598944033	-5,39544331080008
3,38070548357232	2,27585485223308
-4,74639263673455	-2,09039487304154
-3,46195011841404	-5,32025298819837
1,26721314138328	5,13257061965456
-7,44476156359547	-2,06187461905724
-2,90322905277027	-7,59967385578105
2,59107684070267	1,4128969059789
-6,23817708893951	-1,74045626023401
-1,11223887861189	-8,46650390233684
2,52118281826177	4,41789125207208
-6,49602032415367	-1,13513141422918
-0,444749734077941	-6,49752058078877
4,19656666737259	5,44349710446227
-4,29961378802186	-2,21201026282711
-2,42201614475931	-8,21284882346049
3,37401865451098	5,18301626051026
-6,91026611576386	-2,6218610464424
0,31014174440991	-4,25659513124795
2,7117288770745	2,578284437635
-6,66791636511675	-3,1495346503427
0,579219663328778	-7,00412260268333
2,51063618138346	1,90696789216397
-8,53218740598532	-2,32976342755155
-3,75449788234804	-8,27432209219338
4,10268241747813	2,88546711885017
-6,94813461076353	0,304676655882994
-2,1547671399019	-8,602712030617
3,25386474569096	3,64027351808165
-7,39591056353298	-0,411468742951127
-1,16235447420366	-5,14551258598756
5,53983010447126	5,4739217856793
-5,74522285336044	0,388110671933309
-1,22644071728227	-6,09534549720156
2,23994411614672	1,63565461979554
-5,02576475263082	0,665285787963748
-2,22870419565747	-5,43719093822971
3,65344309972181	3,56819141262059
-5,48776506685688	-1,020709920824
-0,480154827400043	-6,85438064124737
5,52345903810747	2,3352314447465
-7,58622818092122	0,591897522561484
-0,563408625763338	-5,94648544307782
3,34799164857622	1,25835438376661
-4,58239078492573	0,336169480561905
-0,330059880186886	-7,83073015328737
2,57638581420419	5,32138115165909
-4,91940435485706	-1,35509011067129
-3,69772833724478	-6,96824379890134
5,35220644238979	4,26591288746695
-4,65188536772923	-2,31017132205494
-2,37738922139779	-4,96236699540929
1,66591513276053	3,6311821950659
-8,19400009587608	-0,733755675903726
0,62933679516492	-5,36127659604156
1,29171291009348	3,15489641315795
-5,63928844709536	-1,69184574754302
-1,97017766611701	-7,21565451505268
5,14688522542715	2,68784477253922
-6,24521945314386	-1,71083710430419
-2,6888143613444	-8,75090650322713
3,4202313985861	5,49990584514632
-4,87248313580055	-2,98990358175662
-1,56737100508313	-5,69813011082223
2,70884531185478	2,78099271219147
-7,10019006739855	-3,18429838511968
-2,85086012984611	-8,26645266551593
1,83637696099942	3,22871974189069
-7,12219145308183	0,347298951961101
0,18743718233424	-8,55301404931568
1,88544360324167	4,16609998263468
-7,79011591714752	-2,99313187743221
-1,87051634883405	-5,07484020003783
5,61852871560469	3,93470175981669
-7,95261456312194	-1,93223629351575
-2,05852193250042	-6,33412070316555
1,29262806119758	4,49907580803769
-6,17989262380911	-0,103901683044128
-2,04162300959995	-6,78027425126265
2,38668833909685	3,16524189569713
-5,99083100351159	0,579224433737748
-1,42721787533626	-6,10248888618195
5,55173977531163	4,95109138217933
-7,83906030099229	-2,44811001234037
-0,666323468343072	-5,62280767543089
1,59056567397082	5,47504883671177
-5,00324275559576	0,731244074610022
-1,1568802843505	-5,63551065254003
2,51624603743583	2,89398596288176
-5,62062026708515	-1,42233522881649
-0,609113178796808	-7,38700772094808
4,20365280445747	4,40979126338221
-6,5407571261116	-1,86578810558442
-1,30991834110835	-8,62974567791284
3,55945607640525	2,21870074198123
-6,9423901014162	-2,61473440752503
-3,41292791360739	-7,22212284006136
2,05580492088145	1,93810908044299
-5,35595786108156	-0,98146544715778
-2,72621331234024	-6,11676137883415
2,02002227847991	2,47134604571069
-4,88869643291788	-3,13435823879959
-1,59729724228834	-5,91155749243344
5,2426473392926	1,72012896415662
-6,24876846719091	-2,97333316654679
-3,61975843996108	-5,32257498920565
1,97347450892604	4,38865452088778
-7,0718565849215	-3,56852576334555
-1,11253838802802	-5,57878879782444
3,91023528535642	2,45459459857819
-5,95376287900016	-3,11593686867785
-3,66762954313649	-8,50283470563744
4,9528626778449	4,41277799589015
-8,07148305101069	-0,168812724395322
0,0896624819269913	-6,59991966688811
5,8290551498134	1,97327465733318
-4,78434572682318	0,527563151613673
-3,66946236939379	-5,84717507367002
1,39813004183124	3,1044827606214
-5,40156308082392	-2,86920842816009
-1,5586300129509	-6,61690641395131
5,09957847135842	2,43124472280981
-4,33024067444061	-0,186341009805964
-2,10307156795474	-5,21847826555869
5,44877762673425	2,8707726337198
-7,0214040786969	-2,77646506459699
-3,41060713032367	-8,60404872165516
3,81260354475542	1,68046340075701
-6,5148610625271	-3,2756047489817
-0,858434410074581	-5,63803175303186
3,84978573297833	3,62578547759699
-7,63340593309526	0,412980639419546
-0,472652497439134	-5,70466354309185
2,78954886461329	3,1279380889316
-8,48025546831681	-3,72134820638623
0,57906589692918	-5,59155424057255
3,90143058768129	4,35020996900071
-5,58681420813167	-2,94085744809547
-0,0986561763627631	-5,08276183002759
1,44750046927007	1,49747692564115
-7,86338420491565	-2,42967678891355
-1,47792491355096	-4,62439994398839
4,52956902061356	2,28397284475924
-5,67798316682217	-2,0370116825628
-1,34276106566314	-8,24358680367396
3,39484599769668	1,83825576371275
-8,06899774471812	-3,09645935461489
-2,82962827962168	-4,87936496557543
2,59043487131067	3,21984626016765
-7,69828689092122	-3,14467370262804
-3,55688824509168	-5,05837439446626
2,27988485777231	3,68892371036518
-8,55485182439056	-2,1676679070149
-1,74905246693267	-6,95752386669462
1,58460993015903	5,05546752340996
-5,5571222086313	-0,323999475713459
-1,1568439335998	-5,82316201124952
2,71223677012324	4,29225935680032
-5,80039424466481	-0,516490420096134
-0,73499954240461	-6,61209632387443
4,61505552016267	4,7629626598529
-7,13587641777423	-1,37430816947047
-2,90944530605436	-5,13997677388178
1,6485053640808	2,20295196180462
-8,70824790642774	-3,49150319018122
-0,687948726289586	-8,15328116335967
2,65443903855588	5,11948253024409
-5,4592571144189	-3,70278186354858
-3,12196924315137	-4,53989941872902
5,46905282513422	3,82814327076563
-5,03958412673705	-3,12404450267972
-3,84257743279845	-7,5972342178946
3,72167595343934	4,33983968206099
-6,26928710046186	-2,06387123236172
-1,44713873674528	-4,76168530563492
4,87336695140504	1,47434740118857
-8,54910128643935	-2,52423527291216
-0,687479324785382	-6,49728604138631
4,60807242803771	1,63271334997803
-7,24117615143987	0,669950907084626
0,00174506105535244	-6,59860715342979
4,44234769505765	2,91373218693616
-8,22736383712742	-2,7661286773359
-1,73507704895425	-5,61282037956378
1,42017209900936	3,84841630548145
-6,0102353309398	-0,728396862148308
-0,952562402646216	-7,25028030370259
5,21374352516396	3,41008938026481
-7,28466504235739	-1,50899647553562
-3,16045755242988	-7,83387611081757
2,3752144221396	5,06529700865065
-5,02374941350427	-1,77861518977994
-1,23200564471345	-4,35790560858801
5,21322110172123	3,97109429172992
-5,66811295946474	-3,59991026158232
-3,24338308437263	-7,8861375326927
4,80091245612607	1,7805847056547
-5,28201736824116	-3,63507323678305
-1,83460667510546	-5,48941551548048
3,3565578259407	2,71015874248447
-7,26555226657918	-0,553137906745392
-0,586380440533315	-6,68354100252989
2,02749720893288	4,84826773287631
-7,36298380453719	-1,72402332923083
-0,541288094447092	-5,7387138346919
2,52650520184867	4,7168255118059
-6,82094646225666	-0,362508512986265
0,249035892559301	-4,30200854209989
3,9323606314777	4,63205087488219
-7,25896313807946	-1,28112338002247
-2,03006893558471	-8,37282760276518
1,30612163586954	5,56926591731944
-7,87904322064956	-0,741099148182682
-0,906159586625614	-6,53694843137403
3,85067487431824	2,19638531773575
-6,97375944105409	0,743535478124951
-0,439173033500945	-4,85213311429027
4,39262680615589	2,35487594046046
-7,89388439103979	-2,62888321283245
-0,974181245614191	-7,38887181070631
1,26143606016683	3,64388177360769
-5,45123353113606	-0,115148553031766
-3,65936587685046	-4,53779192427161
5,0297379437464	2,26846931930639
-5,97878996053955	-3,60098332678329
-2,36141607866601	-8,35623052134744
5,22980904539048	5,59936407677446
-5,70586857868921	-0,320233937885386
-2,66743126318363	-6,96244198788247
4,06238193788694	1,69763561485221
-6,51320116383453	-1,6989395139393
-3,31979007438509	-4,83090854925042
3,55267544488165	2,04553415930509
-8,36548806987132	-3,63120217805712
-3,41831183173543	-4,40790740599501
4,86144033121014	5,34848639574871
-8,67367876957195	-1,56594164890905
-2,68248780670637	-8,10394556564184
1,49851348033087	4,9650642677197
-5,30904398621824	-1,66847747556408
-2,26213664360994	-4,79143127498084
4,5638952884349	2,50050518726342
-5,35232275383661	-1,36548020106798
-3,22800839461007	-4,52804235749873
5,30299317333826	1,48293602692002
-5,11209735951704	-0,550022231984489
-1,67419020558732	-4,44333103567096
2,26720801041877	4,64886470739763
-5,39195195784303	-2,69914747124843
-2,69448413450586	-7,65467336158001
4,05917375147632	2,88208958368287
-5,54970362114979	-0,689682837110746
-0,824405380852177	-6,04436470555943
4,50338302532187	3,3677372312654
-6,20297867255774	-1,488569321228
0,386876652021934	-8,0041851762477
5,26837478030498	3,48796606410615
-6,43151845043807	-0,29340108235818
-3,45148747604185	-4,63904686959731
3,22441401972842	5,47538372947933
-6,12027770742271	-1,08052633556064
-3,69935359057079	-7,89465825412358
4,99676180930051	3,09145387828894
-4,36292797331724	-1,27498034367426
-0,285120608468003	-8,60554520808403
3,19462732406501	5,45229165141335
-5,38363214806169	-0,120461555652936
-3,67320317796242	-5,00701621152014
1,92636427878712	2,52137249600094
-8,05098677756481	-1,48189071421602
-1,39053108181743	-8,24637901146454
2,55644797529735	3,82908902641644
-4,71227512233878	-0,115206585865354
-2,38003597145994	-4,4061283227712
4,73538904888413	1,70816339573066
-4,97636225227916	-1,2650913835929
-0,8176238378025	-6,30009024558396
3,66901012887221	4,23746807673493
-7,44700486372963	0,126236935147635
-2,50304637850747	-7,16457029026001
2,56772665741973	4,19747741159341
-6,81596376427093	0,206340881663
-2,04399771128104	-5,82976521095025
1,943513722428	3,42298746907847
-6,98656851868643	0,178068746487214
0,0676794367936231	-7,3346732876631
2,18016082981444	5,1247352578355
-5,99239277167431	0,312015695217503
-2,48296602412056	-5,89144673445884
3,55158413688786	2,54737424645028
-5,54286656535254	-3,39487153990779
-2,12901436146219	-5,27652279365993
3,69454586767623	2,93700016937797
-6,8758429631452	-1,06863032129899
-0,891783362432709	-4,30213056264545
5,21345276038869	3,19517896557165
-8,24152514619965	-3,35348927119666
-2,81215487024443	-6,92733074511063
3,00731784325314	3,40374323637673
-5,26897476011138	-0,567316422799217
-0,459476670499683	-5,04407603782511
2,85169128502758	1,90074400316058
-8,01694290837449	-0,214676932939813
-1,79138307078697	-4,72914585896523
5,48285995976781	1,98031662842695
-7,77536128923675	-3,13671079015994
-0,155172449097698	-5,76029707244733
5,28068048484281	1,86371807392842
-7,02573233841278	-3,11610175410547
-2,92070506347345	-6,28301247420395
2,59769067760563	4,39470711423787
-4,99974084814638	0,0385211395200065
-2,67480079362954	-8,25589739316443
3,26264929561752	4,17654287427139
-5,87916089601576	-2,83259425239948
-3,80190605643601	-7,55765213444541
5,16599920722685	1,53362836487185
-7,94353712184636	0,520323223401511
-0,334492450443189	-8,78742092661607
2,45064107057746	3,38151743440497
-6,42200151979577	-0,842217258970873
-2,8673986776039	-5,54554695287736
5,45860187810712	4,66833802604138
-7,19484804374366	-2,22645814207819
-0,817742940059853	-4,50162449687981
3,25225616536645	5,50501721270989
-7,38738363523479	-0,959283935613085
-1,01472604067345	-7,26272569542979
2,02966792290253	3,52470219215452
-7,95808666443675	-3,63317923878043
-0,251978038229296	-7,11317226281788
1,42484553068078	2,06094050043073
-6,47530171267251	-3,28746052393374
-2,88504461189245	-4,25586330035261
3,66323914418596	4,95464563648823
-8,54344858178577	-0,869670178265915
-0,353774919796084	-8,10269031479436
5,447669031877	3,80169040703228
-5,53348596741704	-2,25617304067093
-3,26632122083393	-5,00405061645443
2,46965611438188	3,88411393985932
-7,00731022135934	-0,553396147685339
0,277116005174209	-6,17795668156457
2,35054787377892	2,71470986171354
-5,60227095461419	-1,06986124641637
-3,8587244724076	-4,41892491738766
4,97742218164201	1,90584834959
-5,50855490399943	-1,51694322725044
-3,45173562220288	-6,22255341025408
3,92325156858206	2,3030788871698
-5,70072541185499	-2,39140088942395
-2,65583263872504	-6,02856389154444
2,65644455048963	4,14711304034462
-4,31288792462579	0,286991029700638
-3,79968041018411	-6,92296485873534
2,84712339653766	1,90830984703682
-4,45281072160007	-1,08584745076322
-3,17678387771976	-8,57579595050024
2,88924185714357	2,30087582598003
-4,28769658985302	-1,37396577250233
-1,34172535731569	-6,75096835707154
3,35549731980371	2,00792210388383
-4,5940539441262	-3,63865525253199
-1,67538910732351	-8,30239312097857
4,35082449346372	5,52751660952977
-8,14879074574193	-2,03826171932501
-2,52659433376349	-7,23771938497084
3,11777938208181	3,27982141928387
-5,27631994368477	-1,13535929911925
-2,45828459028139	-4,89736936170499
4,67767775917107	1,99074197590562
-5,70426191909797	-1,50291446206564
-3,88615877318798	-7,89310696454984
3,91752948947972	1,65545509227194
-6,19165177358504	-3,3834011279482
-1,07981490736927	-5,91912422363163
1,37879692595297	4,2563119704877
-5,75522115085752	-2,9900101801219
-0,259584551898815	-5,73641012598216
4,23993608676492	2,89330477038501
-5,02184350426719	0,241858344783637
-3,53117228298889	-8,60680797232553
2,43374731155013	2,60516140313929
-5,47089913178525	-0,151206203641948
-2,375461017914	-4,35258415872637
1,33852302860672	5,13958764295885
-8,29775871852686	-0,179462220547761
-3,24880292514012	-5,57648249689167
3,83000180605849	3,39863276173244
-4,46681808560347	0,583138547898038
-1,8057420918537	-8,78265089054025
2,4406481212789	3,42099730535683
-4,64414044747655	0,73457446459903
-1,1392544272643	-8,22509112802477
1,29005286732706	2,06594169968752
-4,79513315175159	-0,637004816081181
0,538746817362201	-6,82313518641569
2,28286462010651	3,59780370524818
-7,67495996414673	-0,464397526325587
-2,06415481275714	-6,67081388050125
3,52040174468577	1,85191251099854
-6,18440850376436	-0,743108570963157
-3,10968448430392	-4,42266547908478
3,28122749405185	4,90969765746594
-7,71970468925328	0,469571625001419
-2,07023366149079	-5,68060949005196
2,8435909981045	3,119664785926
-8,23279786496685	0,0994807869601506
-0,137703405043539	-6,36447009787615
5,12503773719568	4,68955889937673
-4,97428715560563	-1,93375082702065
-1,21570914348772	-8,39479079794027
3,70820223167582	1,31637421434694
-6,83807734754011	0,0430681682378946
0,130421212359078	-7,01523768681348
1,62928413402822	4,49907171681724
-6,77915591350954	-0,948344998633627
-0,283908878299114	-6,312678007441
3,57897117679558	5,1643061116918
-6,04103579840835	-1,76058906671097
0,475744733052737	-7,86969095352513
2,65835408309218	4,01954556928784
-8,58073377544968	0,0248819292589189
-3,19690089451139	-6,11501255757452
4,82116372499362	5,35674152940015
-7,46112410066231	-1,97447636303324
-3,75363360556497	-5,05192471962851
4,46963316993281	3,49526586372542
-7,82199587077254	-0,6309382104061
-0,204623912141122	-4,46128372016022
4,34081161967792	2,18753964930327
-4,37654572385639	0,347468456735431
-0,572251073081936	-7,02147675796118
5,61163470022765	5,24989351266852
-4,32519961641995	-0,547453772733453
-1,48119213157983	-8,126735794119
5,83831401155119	2,88678773932124
-8,19622518595546	-0,841092611476824
0,418444051849104	-4,27877714771012
4,79964128984824	1,66962159316949
-6,38836853932003	-2,28563152496041
-2,04144539835075	-6,69079693416881
4,77268414262487	1,25456016495913
-7,31776267469526	0,749157132978684
-0,0679449294833745	-8,62278720070668
3,7315594818428	2,46997220090011
-7,23577648969545	-3,05885279341251
-0,732823075764902	-6,86986118817723
1,91381863109345	2,4209702443386
-4,71284145949594	-0,74111373860557
0,194383708168429	-7,82536248636701
3,19421245403336	4,29680493883424
-4,80674041131658	-2,91068002863104
-0,0741977832898666	-6,60039930541437
4,08464890884949	1,88903345921597
-6,17213048405789	0,3158686387826
0,547941517474113	-7,27259684313125
3,54285241051299	4,04991355379838
-5,73958228083944	-1,45038615831019
-1,76058338860679	-5,91115101420485
2,30789163323844	1,29549957714886
-5,50069515999387	0,0162418785607548
-0,445021719229797	-5,80099813975575
1,34102853715615	4,7666576586152
-6,23326268768694	-0,406552288694185
-0,00857285500603799	-5,38736693343179
2,86340926747432	1,48934710699624
-6,74164963180105	0,311656109899335
-0,862386364504612	-4,8262462433059
3,02993544283289	2,77913450119152
-5,69955397821354	-1,15322964642324
-0,270290102647093	-8,57634397700719
2,87908598876661	4,86179088471017
-8,67736224934977	0,627035619453921
-1,43232208577682	-5,72376303335838
2,33253000368342	3,38088623321359
-6,4560649434677	-3,57442226094585
-0,559008785627127	-6,2020230809907
3,66833793954208	2,79342048855627
-5,19484541845217	-0,154152709565856
-2,75380092207043	-5,23782087476642
2,74802961524309	5,57944387652776
-5,61366395532952	-0,59103951152315
-2,71615540641777	-5,26978324276902
4,78863158549459	4,54578798684952
-7,43026502947306	-2,81068322618867
-0,308919494103405	-5,80172471655989
3,70016886615146	3,69017346059058
-5,24806777140411	0,447045071008149
-1,32947345091841	-7,48241365703888
5,33546490438186	2,07010248476795
-6,46302054233391	-0,147178386917806
-1,80522228430648	-7,79365998751789
2,35659112702182	1,29837551569864
-8,07472205628286	-2,89308177787944
-0,717362790204431	-5,85200288898832
1,69199712024618	4,79279988266139
-5,82349104537015	-2,31874929122571
-0,791442398161125	-8,55381333042522
4,15265459987628	3,85515055607599
-5,39404644859885	-0,50728739385914
-3,67126873143497	-4,32979316493506
4,82029255484066	1,72485133922
-5,27873763750683	-2,2835656529954
-2,37234942039214	-6,99179533651383
5,62260145691913	5,22223680027304
-8,41273596565766	0,0404757420826352
-1,8222926966549	-4,87500625949491
2,45558767761405	3,20755374265234
-8,04228566388803	-2,24992389006686
-2,5247882364957	-4,32483855947683
5,68563946842485	1,68634177837041
-7,82611264581498	-2,91278870438619
-1,99963928479771	-6,16925519121656
2,49680606727272	4,45731519096448
-7,84620367188262	0,451977384769631
-2,66763367615216	-5,409224186817
1,29037857640399	5,51162651788842
-4,33433695472291	0,694631058974583
-0,932483993485441	-5,24562613829471
4,16014687501013	2,11423906319745
-7,17557466223555	-2,72103772978476
-2,40500168764477	-5,12982541261811
2,82615813501045	1,60371559011043
-4,50416622777026	-0,416496788669085
-1,64709590157361	-5,95570927761845
2,88300026175167	3,11892347668246
-7,55552755921722	-0,417693888468503
-3,10124714361344	-6,8552602249096
4,71264892093942	3,24762488252026
-5,64204654905423	0,312697637701663
0,000425694026120915	-5,43546915577622
1,82871733476854	2,13735627148971
-5,43730657075336	-2,25318698807303
0,286226468829106	-7,19570403690425
2,39385490943154	1,36006086927265
-6,40852234642401	0,707319018484673
-2,43849194650252	-6,93552662043798
1,67370780386563	3,87160796958133
-7,002777130086	0,287886045386353
0,03594370108984	-7,09751926889405
1,75293663173049	4,96515536994769
-7,08905629900192	-0,737644239673188
0,16296798495677	-5,64010301599095
3,33592427164135	4,10214527239824
-8,60310636320677	-0,103434998958702
-2,93764988738716	-8,78817805054713
4,82372377234194	4,22563465539596
-8,04066669100499	-3,56534904259642
0,252804596623	-5,21113214566749
3,16729834535313	4,11824368587178
-4,47540771255458	-0,0763384669892293
-0,034201970048565	-6,74681566670755
3,8358556816546	3,19315836468223
-6,5794497889577	-3,08465342720667
-0,523783661647485	-6,01526806106821
3,30931512428616	1,97885601598731
-6,83740043621684	-3,21334227205389
0,169702238908808	-5,51294712881689
1,62489137313742	4,84506597452301
-8,08127291007426	-0,607335413575401
-0,293238779869909	-6,03695350150443
1,45256144704429	3,53935360253449
-4,61783316816855	-0,975730197346998
0,126718759838486	-5,50652371019107
3,68489244712765	1,49683182150017
-6,15883308797469	0,58869969137106
-0,624687861667968	-6,03950221770728
4,81855616771934	5,04318433941604
-5,39513254286293	-1,4885977275293
-2,55633110820984	-5,05893854204976
4,64504648679064	1,8380070333526
-4,60495858372814	-2,99787777739457
-1,34736091545618	-4,92553143343681
3,06233571183942	2,54142784944133
-7,17957946733384	-0,673956108459183
-2,2447525025977	-8,63107983994705
1,50931667531884	4,40551351416138
-6,68675443036425	-1,06749917055723
-1,41675643677913	-6,15457547451208
1,27816445643024	2,97395731486838
-7,22172027635596	0,118195918886119
-1,24917980047913	-4,47328532551666
4,6073582711682	3,83096342989775
-7,331514722691	-0,378764769510538
-3,53633318823764	-5,36026729755727
4,26613280653785	4,03332149076259
-7,94780433561818	-2,39405799891592
-0,874870453205253	-5,33911621483806
4,51893041225771	4,52085360446728
-4,38696679776631	-1,89090449486873
-2,20891799867636	-4,36019250203057
3,27843772391897	3,59546657963362
-4,50149316331461	-0,209043142527586
0,132343107479239	-5,60945930839166
3,87438859440205	4,17071832233987
-5,94966914986902	-2,27292351935312
-1,55557646088412	-6,84511505382698
5,34964739372089	4,41013282726104
-6,64302213412354	-2,81849660669644
-3,7420146460856	-8,11157138405529
3,86237800960977	3,36698574573586
-4,35218372326697	-1,17189381919581
-0,456158839317022	-7,29745676748247
4,40665009477573	4,04561697552974
-6,65986507446426	-1,88465316929716
-0,380829435272193	-4,53770423665518
1,34561889651626	1,51083803857151
-5,25478236343978	-2,98997855942222
-1,20244036556654	-5,51652255481117
4,40561683728807	2,84617709209919
-4,5834064039663	-2,72078865298425
-0,431090407821426	-6,78524821439654
3,12413557034336	5,51414007181361
-8,72747912229365	-2,23018590003638
-2,34977806823601	-8,64322977837017
2,80335193810863	3,4254911638606
-5,83066409244887	-1,07174673337854
-3,74078242845386	-4,98448785549313
2,84259487000722	5,56277848906091
-8,30821190199729	-1,31952812203385
-1,88202040393002	-5,810258814141
5,67518724156725	2,42611647204032
-7,71257168385958	-3,41236859445795
-2,75215742570335	-7,99847055432153
3,36191522925934	3,59112192962482
-8,41727509455407	0,226708436997671
-0,83692933788789	-7,501122297748
4,85936104850006	4,6396223459111
-6,69017619951127	-2,84920110588741
-0,526243026381089	-7,91337350755072
2,35854785582733	4,07335714057486
-5,95874599160595	-1,31252268183407
-1,78536335478582	-4,25022435289714
2,92166222618577	3,31188463896994
-5,83270788895347	-3,36960750957579
-0,0576468579442033	-8,2417434332292
5,28030650469171	1,64543014355146
-6,27357486964722	-1,28304339773092
-1,50483234330599	-7,39664037180741
1,99606810896412	4,81012805570027
-6,01912852796793	-3,54805566820077
-1,11464036062257	-6,60980734780034
5,45368141439889	4,31378715052636
-7,69069572130186	-0,815250652297038
-2,15683657718729	-5,9961038330791
4,23290107687584	4,74785511687259
-7,7557647966104	-1,33583823598596
-3,45815191273101	-6,53558020192892
2,74436903807923	4,34145493227963
-7,4411946566037	-3,40688909847795
-1,20022597281508	-8,47614230476712
2,19262244494708	4,02776440324526
-5,39288584801285	0,0486575392760802
-3,29218415900862	-4,49236249584513
4,38554499550764	5,17281368770046
-5,95074836246618	-2,91484169567006
-2,09198465441348	-5,86098665460718
1,3878882529544	4,26100375040684
-6,56992883995807	-3,68375190001944
0,383296947985232	-5,19898748139712
5,6794891658796	2,96333225796584
-6,6676868594452	-1,5037698265335
-1,25451920069053	-6,2561719251029
1,88042724300514	4,45100674507712
-4,66194093627933	-3,02796203052668
-0,813070526998899	-6,53865290059127
4,86833452807137	4,7784405669444
-4,52105084230696	-0,173821191675533
-3,35860001926522	-6,62813260335867
2,24844079215655	2,06564215518547
-4,45439928048486	-1,70677985135113
0,529180469682827	-8,6460336818754
2,19612719227884	5,477187928727
-8,74276746916688	0,0693241520376384
-1,93321394212092	-6,59436790091027
1,98856117998926	1,54849177938021
-8,49879465564831	0,130600223633996
-3,07235978886246	-6,29250921448473
2,32379863661673	2,3868170043847
-5,96522407461623	-1,91998350967398
-1,30953242897265	-4,62603652080001
1,42971944377882	1,5097676137489
-5,05284943385579	-0,521077113537634
-2,64583590871918	-5,78651311792187
2,50982906301469	3,02458951448631
-4,58572702994195	-2,64021522034164
-0,793016698695045	-8,78951371878515
2,99748767447843	2,67482885250768
-5,29466933128188	-0,640000504146309
-1,62557843238723	-7,21414915979145
4,47213343783777	4,97025069847782
-5,23420282466458	-2,72018914002981
0,153189639241678	-8,17696261834973
1,59428583876408	3,51220244739637
-8,43848444156281	-0,156177290242994
-0,03103463483043	-5,06683768108405
2,42518279688968	3,30283062647613
-6,88403019040958	-0,868511787239469
-0,133486946866799	-7,28163651591458
5,39035804737733	4,8614661139371
-8,61782134528342	-1,76470968893098
-3,85168241712393	-6,76027515371457
3,14794734426883	5,17018216802764
-6,56407707666456	-1,48227214844948
-0,669717105903815	-5,49345163844822
4,6029584251381	1,66333971108991
-7,4570283794333	-1,8725355291811
-1,7233220939965	-5,63648578063997
5,55860121242048	3,8561186110193
-5,61983734839411	-0,685725129253566
-0,448303773364426	-7,52563603474815
3,00794607719129	3,0342481390953
-5,06071238410531	-1,69047831672489
-0,916573658283387	-6,02203288075187
4,78119498847176	4,14017592087805
-7,83257868308009	0,0996066020804851
-2,12843138377031	-8,32791158680004
2,070677372148	2,27078025202477
-4,36507235413866	0,0442636550681361
-0,718476296258892	-7,44113334609913
3,11992384325777	2,36661212947237
-4,68956280976451	-3,12947837208131
-0,366578599937387	-6,74704347048403
3,50275214029862	3,95537174484374
-7,37220830809703	-3,45159640782027
-1,5202946232034	-8,75437213637182
2,18806852979843	1,96836437535434
-4,47209014162641	-1,09325751361151
-1,86407054902088	-5,74919328359427
1,30932940213471	1,65881330313434
-4,41566751826893	-0,108188910894935
-1,48412304206723	-6,19828137791776
2,45790445045229	4,20690206417192
-5,82388270162115	-0,510751251715047
0,204110309533338	-4,78309180575427
4,78480254331805	3,68062592987048
-6,90711770962259	-1,81412087128859
-3,88148370233628	-6,40114115802442
2,04955652711043	3,22053998458409
-5,4484791829139	-1,01014336443862
-0,501457085578753	-7,54691713966214
1,91149002152973	2,75256872294759
-7,69092554276262	-3,69447111362817
0,664420069179065	-5,36562156899854
2,22843329804437	3,81834050746638
-6,52889421630482	0,238288147627593
-0,84209978933169	-6,17169381297112
1,45710706012705	5,14095223022141
-5,18764996102328	-0,324139506818778
-0,459104038869798	-8,27227547906199
4,41256055824463	2,09697656867201
-6,10125492613997	-0,533979446637104
0,19152973511576	-8,53138152139742
2,08210708562781	5,10380687153892
-8,08863093442642	-3,7002305716167
0,432945507527478	-5,03684630825145
4,25042490803352	3,15857990353777
-7,81587079322283	-0,711158802721652
-2,08486490172643	-4,53386485980969
3,12285863688444	1,37145432798952
-7,15693135068344	0,212932220130974
0,593653139316976	-5,37545682411078
2,66291796530888	5,00799755409465
-4,99346295254979	-2,78162613504543
-2,60180176656058	-5,86784818772694
2,26005878786537	2,19381739849765
-5,59717593939434	-0,736275175898739
-2,0427615233153	-7,11256232809955
5,67575312133699	3,5347557844859
-7,36791070800295	-0,120626881564156
-0,518467828188062	-8,00002611406775
2,55195227723211	3,26814213170811
-7,12503841615669	0,00776106138225474
-1,83197624377915	-4,78388406459874
4,6263587917565	1,49237372804124
-7,18789632443494	0,310184582124468
-3,25336504362886	-8,02323771807089
3,45932115108208	5,45268433841712
-4,59663071090199	-1,10784033981566
-2,50162696065352	-7,39565118735082
4,34952260744489	3,72881930959124
-8,33211666221886	-1,35995959980189
-3,1029965802408	-8,14155698686988
1,75919852384946	1,87996445132266
-6,08011940046967	-2,8015875342308
-1,91681396109074	-6,38193817753928
3,3737463138782	3,6789061464642
-6,22471021945318	-2,75233743792628
0,631681253963655	-5,4835378379091
3,56583402847679	5,40865408929351
-8,59798506456426	-1,00851203782198
-1,01990921814452	-7,84021335745772
5,05244748670901	5,45234605188414
-5,74773776143768	0,565606312812135
-0,760473711929048	-4,6652386949368
3,85649932817355	5,49256558283564
-4,8220481684055	-0,934581690374997
-3,14137345590053	-4,64908175224297
3,22233494573378	2,59917778637773
-5,12241965634914	-3,53880842537141
0,423205695031155	-7,24538876364406
3,5527346991783	5,22833080651205
-5,08227855918871	-0,119482980695195
0,3618092994463	-6,24596736732564
2,83092257533376	5,18603130551386
-6,37349243131729	0,515540866755831
-0,658905889216394	-6,24725949613131
5,28890512559257	1,51326484577428
-5,36539787440399	0,597014602006934
-3,60701396068207	-5,02033105748476
4,05281652347619	3,03805102329373
-5,56194168601459	0,492912772742992
-0,267235025467735	-6,34897751954608
2,93245046482565	2,29279782713986
-8,23991652184375	0,529796863698623
-0,285036020610603	-5,07214785215235
5,40217084860752	4,70972024444311
-7,24010751269242	0,621130015191424
-0,0394525847959484	-8,04301331916697
1,51885721645545	1,86468113182941
-7,805752510968	0,365964952017535
-0,488694308830539	-7,58878514369039
2,21901720054099	1,29736873098715
-6,97479823785858	-3,35627138475848
-2,20534782741621	-5,59010384092943
3,41452265640557	2,58251166671224
-7,21418890913619	-2,43455427768564
-2,97408264218816	-6,04112272023068
1,46190105374808	1,88380837793026
-6,61144720603197	-0,291375447690003
-3,57742583300904	-4,37723527220979
4,06509693280644	2,73476247653063
-6,21578076396065	0,0855700900958301
-1,41175905877667	-6,87677261305093
3,74760203570898	1,41888432149933
-5,64094699687611	-2,37669833744609
-1,94034415476386	-6,30664880091862
2,94895961689651	2,4029429486765
-8,26043833369041	-0,941039287245801
-2,38560642656628	-7,43465386012661
3,59833285072472	2,01246405941305
-4,95282993982313	-1,54182971866629
-3,1575813122777	-4,9649489069979
3,10122777921159	3,21928658565862
-4,63609408470687	-3,72255891343932
-1,65930148606122	-5,23952466773173
5,37568198449541	4,41789736811652
-6,56480058628652	-2,46489369391367
-1,69112247603191	-8,06699969173964
4,44218265348111	1,56976889053461
-8,65002591477374	-0,940731320684623
-3,77263783125757	-5,11540235572626
4,07817063996826	3,80103335165766
-5,81909070869109	-0,979587741841637
-3,02430427357328	-6,47898881956347
1,63419950890172	4,04812466822266
-7,91336899655852	0,411014726030576
-2,71953276611677	-4,25631741385041
5,0456728170617	2,89550219954997
-6,78351549443296	-0,94956832649272
-2,40547781626601	-4,58207141405924
2,18232672526666	3,18390781708989
-4,4973589934779	-2,2226548211603
-2,60389094704078	-8,57408722296146
5,48125782036643	3,48625644439638
-7,10066807224059	-0,467853705852455
-3,52414961111802	-6,18326662128615
3,51604113470749	1,57724762965823
-6,71554399577451	-1,71405916509124
0,422497209359395	-7,73140335802568
3,89578592119994	2,53549433508101
-4,93808168920545	-0,0320534831338901
0,562669929778726	-7,18777218987524
3,25160537918579	4,61913814569075
-4,36783027457441	-1,35247695383533
-1,4040965897467	-8,13798327637348
1,59663433225141	4,42398483593161
-6,81282820034122	-0,817719392834595
-1,80298834677121	-6,71792479518889
2,43035227632324	3,7910256111685
-8,03410948671051	-1,87989467305979
0,109029359872518	-8,25052787288271
4,78749893056894	3,16826518363786
-5,78329931912814	-1,77596861113626
-0,519566393854356	-7,27122598365908
4,63237761102652	1,59647159237917
-5,6714721178858	-2,10841785194299
0,651033738393782	-8,42294699407763
4,78783338508583	1,47392220729626
-4,7956742405791	-3,61417086094284
-0,934916956842214	-6,40106689653255
3,04327829122285	1,92292948819918
-7,74163080582082	-1,07395614522213
-1,52306336533076	-7,0913629256555
3,93857703714477	1,54743363987583
-7,8044518334676	-2,91561644488214
-1,96194570307161	-7,19709756515574
5,427334435532	1,56189537665136
-6,3363592240625	-0,490782284925598
-3,69332418401649	-4,25402042868902
1,21671268138548	2,32171959672866
-5,85167436406695	-1,61927067492234
-2,80129416427321	-5,33625401205635
1,96254362699863	5,59932756201872
-4,42319772524722	-3,62949064889505
-0,605946533936577	-7,76598697682692
5,40414375294106	3,25879671911717
-6,11737888343408	0,687658183268542
-3,86847057080436	-6,31633607796353
5,47444173346902	2,16911202946967
-4,70124379052725	-2,35068666877805
-1,94457886627138	-6,17720220310744
2,00767948238083	1,73685790867736
-8,68686745317321	-2,68972462075467
-3,63928302123398	-8,40950584244484
3,18024633300453	3,95842096311885
-7,41510165063979	-1,22477386033257
-1,19353640772799	-8,68660486903569
1,73836519890896	5,54120927882624
-7,23411689521973	-1,78691244342768
-3,10776846654913	-5,86576108562905
1,85245206522837	4,55236520946889
-5,16963413596441	0,464118469018095
-2,84776813339548	-5,13299566234904
2,02198177754798	5,25845202963835
-6,39519589944784	-2,18518194922164
-1,63731021013908	-7,84686045123551
1,65325512285107	5,31652359507706
-6,166874759782	-0,586667020061635
-1,867977723646	-4,69572027954906
4,43937962666544	4,64442240749175
-4,70502784757791	-2,45864325254061
-1,74277450963455	-5,87527111571089
4,42785120864169	3,28097366489193
-5,55520849057076	-0,429474994317498
-0,719686493099403	-4,45005657980372
5,48129455247296	3,9749385370884
-6,36422162940933	-2,10010107913225
-1,56450039762825	-7,89566762269792
1,66001426352026	4,64687394825627
-7,61681878404688	-0,106774562129047
-1,04486749451315	-7,94616238764912
1,22009534196403	3,35169431551495
-8,0919581519843	-0,401874756137866
-0,317956410544808	-4,35597482950034
5,19379711142788	2,9355350070253
-6,91103516626296	-0,201470382382388
0,303774718343175	-4,59798356722988
1,37786348964794	5,30498565074194
-4,55739629385022	-2,3175151415811
-2,28656927889379	-5,3868369713203
4,57880196172937	2,47722240306638
-4,61615771414976	-2,22428482039764
-2,71518101345562	-6,4272565722111
1,83961081637574	5,16303543058876
-7,62916739804087	-0,479717262062635
0,229082403374357	-7,73932825608408
2,19860937992044	4,46953283582495
-7,76768401103948	0,743113094078175
-0,0624811933838227	-7,84024558971137
2,36297479010828	5,50184778759227
-6,99188769995057	-2,41753712090981
-1,05459782602566	-8,09332048460555
4,44533857626534	3,62503273322209
-4,85745056582083	0,419398746737993
-3,76674075429496	-7,15633008802891
2,04071458084856	3,81297690974327
-5,20040459434818	-1,31843547068175
0,0595798428565408	-6,94364178893834
1,80033093990671	5,40819879631146
-5,37213051771103	-3,24482078081479
-2,98814224013673	-5,37977751619573
2,12596565641131	2,62163203047898
-6,80714736692495	0,00593805192852015
-1,28082520806769	-6,16396021672512
3,63190834361075	5,53013756080684
-5,21354274513642	-0,00713456768606413
-3,52783348531642	-7,27725077757102
2,11079727404289	1,46527867745429
-7,29690840214326	0,190785567033025
0,248660532815542	-5,06906500720329
5,22852093219944	4,31576859919367
-5,84656359622577	-3,45123999974024
-2,15151059293086	-7,03509940049098
5,61387979686718	2,37632423482849
-6,8743706108886	0,0632726951750859
-1,49221013622874	-7,21343571779872
1,9867262666384	1,71532864660407
-7,38292056887868	-2,93809848820391
-1,41047867164035	-5,48799706312738
2,29582145516999	2,54894583680094
-5,22877754515567	-2,02799204279222
-3,65664617400972	-6,79499773355165
5,03580563503378	2,62061655291437
-4,56695791393356	-3,40268737670253
-1,66807214174696	-6,93920113184668
2,14062791615586	4,38670527299266
-6,0097134160632	-3,67470426621785
-2,75942753276164	-5,27974531012788
4,4795083831645	4,10951523840467
-5,68264613840425	-0,957837794703775
-3,05457108024627	-7,06819922583904
2,42204842966263	2,30594075578161
-6,74567579902303	-1,62198388226347
-0,767333060802156	-4,31449663619997
5,72511169084958	2,43786275997775
-7,63178402714877	-2,56714162009819
-2,98325262655384	-7,89090921139748
1,6713571038094	1,3467605088437
-7,81697668990113	0,326823652557511
-2,24162267754175	-6,50833542319241
1,45274053136265	2,02600829116078
-6,56465926685147	-3,06072613212416
0,51882395941016	-8,63481651121164
5,26294065649887	5,13235240569553
-7,1222084827102	-0,372754310718585
-0,401190435912238	-8,48358142841375
4,44369613138536	3,80181298090343
-7,31263601385415	-3,15230664314227
-1,89472464041194	-4,56156072302283
3,42450490034519	1,63129170335407
-5,48194676717888	-3,25889954451106
-2,86118116004084	-5,80643376614339
3,21168411001886	5,05210825747407
-4,31494797156216	-1,03622165524799
-1,1165626796761	-5,01646297719001
2,86496711532133	3,39478992547481
-5,01662819385768	-2,96800338065297
-2,05598839820395	-7,5234330677523
5,78267274771777	2,69774226384503
-5,5313367492196	-2,73715253917265
-3,23192398771399	-4,7441066972198
4,8711693214467	2,2920599839662
-8,30416025874705	-1,34641542488449
-0,539861399839676	-6,27564954354992
5,79758942990652	3,39777701394234
-5,623258998141	-1,94915906408335
-2,59139010775425	-5,13903822643081
3,74906088729594	3,02081040299554
-8,6086920697788	-1,07201407112644
0,165376254094449	-5,72609959540553
4,93361806338671	4,19374483361826
-4,53895722368306	-0,446916518216761
-3,01627717376894	-6,13844126326294
1,70955021884473	3,69747731605075
-7,27824067955319	-1,86119919025178
-1,70090476663403	-5,57979753122541
3,72183993553411	2,57944467964507
-5,2106077537052	-2,9849857121016
-1,52442429271033	-8,38052790975734
2,28472395282289	2,49152443551922
-6,75660017203387	-3,1294710161559
0,459761341012835	-5,1128259985141
5,76841325596406	3,61532454054204
-4,73384684121213	-2,76361404198952
-0,327648517831724	-6,46488517162014
5,52429948228307	2,2637211455609
-4,78927505073385	0,171436938920012
0,187185751218392	-8,44042249022503
3,1642760356224	5,58069586728915
-8,73003582537122	-2,48152122057987
-1,67789461250174	-8,34607752612342
4,75742620507593	2,47586481466171
-6,10416487033607	-2,7469100703028
-0,83282899386165	-7,39403145927606
1,62410042497744	5,09110501040254
-5,04871724836966	-1,26143170433179
-0,83619288519695	-4,99321539183912
2,44367906358763	2,7642682607314
-6,35283655521111	-1,59652569212498
-2,98068158367257	-7,84123194309356
2,83827938749784	4,91396474959325
-7,77895558885041	-0,722400463006521
-0,313499848164099	-5,80392579867451
4,19317645288272	5,19632142398318
-7,69166492071592	-2,39439767801198
-2,78525532701506	-5,7710729509943
3,94798174680172	4,82649115746026
-7,49794824912192	-3,4491335655918
-3,44723891081003	-5,27800075664753
4,36064945630906	4,11965408880817
-5,51390562087732	0,319268854908408
0,42945055791773	-5,31954158123684
3,57314237469414	3,68129475226546
-7,85945855957048	-1,30263680306686
0,458697703075164	-8,60585093553734
2,34994064447878	5,046382486806
-5,07720987880366	-1,90647403218898
-2,29738913186594	-7,2980838080616
4,16287846484228	3,6858270094167
-7,93484789550959	0,407339863800275
-1,44984799104613	-8,19035309576647
3,89331673826587	4,55721395136501
-6,46248864667822	-2,52179041373594
-0,272053108246836	-4,63145160931181
1,34927816112776	1,55176739709045
-5,01585471671063	-1,70953338841127
-2,32961571876106	-5,80889055457645
1,94243525020651	1,58165319019284
-8,1188501091813	-3,12081173337678
-2,14512209437669	-6,77786667138196
2,6943950380165	3,90604624383218
-4,4828840637454	-2,43039735038332
-3,82225808140447	-7,85647747037722
2,8272860893181	3,12343894856584
-8,66994421495668	-2,06193962530885
-2,15562348729057	-6,67322731850449
4,20128707329543	4,43514049158634
-7,26113389019102	-1,87295983486866
-3,59777847487432	-5,0872747288565
2,69741492910063	3,53721605542352
-8,60373099937004	0,669284180249326
-0,236132005286817	-6,7286097854687
4,60720788822854	5,49506165147822
-5,93651492044275	-1,74309183415446
-1,09133619250024	-4,29130953006136
2,43323832074975	4,18030279473034
-8,49751114453376	-0,138803398997074
0,197612002839566	-6,79410778364629
3,25134553219572	3,33789846468053
-4,44218871989767	-3,4335515215296
-3,67776277957859	-7,76844345469776
2,13932890416571	1,45080148978358
-4,45276707320209	-0,776102687712639
-0,956085911498695	-8,02662371964201
3,42369215571448	1,96748512395847
-7,47618165416538	-2,58466000718068
-1,31894899881757	-4,71994433405514
4,86920618138982	2,08768881611733
-6,08695015387089	-1,50198501686476
-1,85661603405817	-6,33490092428051
1,99875090981328	4,27788783363941
-6,72652363410379	-0,684658103486115
0,373796053913252	-7,29277522646918
4,07354203813874	4,83184692186435
-8,0590192686655	-2,67434350111306
-0,524341164272726	-6,52064076998012
4,9300026281557	2,2786032121518
-7,72359725721827	-0,567433360969073
-1,59087433947329	-8,37486876674386
4,86935452411458	1,7385382535432
-7,94662320324518	-0,996749205404674
-1,7660697553321	-6,97501405186373
1,60090216194092	1,93896392175079
-4,97048610867573	-0,57875833330056
-2,71974739417782	-5,03002371504405
2,93398830226579	5,10885325588415
-7,1462350236774	-1,28613394684859
-0,187044129608671	-7,74434083424777
2,54057114577602	1,9691434730653
-6,74196447548775	-2,12009861646866
-3,63819328256107	-8,22628791855178
3,60248954562795	3,328319627169
-6,91928580055694	0,38447580994101
-0,658009648757581	-8,16567347966385
2,76023430360528	4,26261392563627
-8,07132433415876	-3,51380896959569
-1,72701492722137	-8,39270762973485
4,49550675863389	2,6162986282993
-5,52651005053122	-0,2730214528722
-3,67952265062702	-4,30086521538535
2,48307248297773	5,17801667773319
-5,79417684047967	-1,28368391534
-1,19672604018789	-8,00780847590319
3,46710567829031	1,50965941687541
-6,03911319941812	-1,52758386571859
-0,732207490880177	-4,8277646024286
5,81745492909891	2,89628757788456
-8,49731030812836	-3,43353491626139
-2,92304051362294	-4,43967492015418
3,30526881302295	4,60275037890567
-7,33861905153797	-3,66009336546031
-3,31951206698754	-7,64986386092783
3,92138601979377	4,99259382063473
-5,58014935932182	-0,345237708743232
-2,01226834028757	-6,11227230519791
2,37649729566129	1,32303906904237
-6,0644602928511	-1,46155485207367
-2,13371852454153	-5,23207716519256
2,67362101020649	1,92055095788752
-5,67281243483984	-0,977453583415538
-2,02171607714004	-4,82027948371587
1,52598359460336	2,21629921835558
-6,8313686599548	-0,7460750594162
-0,826503612156785	-8,63478065151283
4,29321385421804	4,45450721889085
-4,27724118458717	-2,71408598785609
0,526085771817775	-6,25231120047112
3,74301154953337	4,50645450110312
-8,25306092620492	0,336095201683983
-3,85252932362166	-4,50984438439659
2,84858783911057	5,52692769671824
-7,90158306836633	-1,0968317712429
-2,91832923667414	-7,31868264505913
5,35694534470116	4,02997789010145
-4,75724399165785	-2,741870367054
-1,24847442421272	-8,58152747948948
1,73901994950573	5,53226416973974
-4,87947585026043	-2,53001558662541
-2,48041349721869	-7,68396438175034
5,84759311623514	2,25788607101529
-8,19747155550222	-1,10730802596293
-0,45732145808245	-5,25695195679395
3,67805463602794	4,44461158434192
-4,43764114260721	-2,66063080908936
0,561087204988025	-5,12510470394336
5,85176978215478	2,7521380165945
-7,66078196630761	-2,55233240902948
-1,54844243129681	-7,95891242408549
2,95992954082051	3,77761872947189
-7,68313816441608	0,0798129065509907
-2,2268341889738	-4,6569958686618
2,45287094478795	1,30714393615896
-4,92818318824619	-3,42987061901459
-1,10639229957949	-4,52375191550471
3,41447653676238	4,92954596916628
-6,37690227509759	-2,22648620138787
0,460028150409302	-7,47656255668807
3,81378395354082	4,52742279182353
-5,58598837246699	-0,57360002755661
-1,06794768133627	-6,89002818318038
1,35700159800776	3,72722913780106
-4,67886355911274	-3,70960091146556
-2,0024878430573	-8,28198745920103
1,92715734285714	2,27362632060961
-4,78168895267797	0,655583333298845
-0,239236709460141	-5,14753648332492
3,61677083550407	2,57534391875837
-4,59342059066945	-1,56786600745229
-3,00881915563908	-5,36658051010333
4,28438496083101	3,21914299600713
-5,97302433544851	-2,69511986018603
-1,19050243257751	-7,29393197431054
5,6716212532716	4,49346671782093
-6,73126795271366	-2,61461706940939
-0,218222982299109	-8,39142244735786
1,97650750925833	3,4968961306908
-4,46406096487497	-2,71800790710483
0,405594149661173	-4,33304305438128
1,60761023891609	1,64160232958938
-8,13128206353243	-2,81373127747953
0,1208707148864	-8,36719760399418
4,52401485966626	2,43167337155294
-6,97478618892755	-2,4974440214557
-2,41177030076007	-7,46971472329591
2,07662793551143	5,22338932892316
-5,010021960979	-3,39858747363301
-2,73450186398336	-4,51874867207329
4,94108117824476	3,04653429395162
-4,54482688370789	-2,50560602563434
0,611296458896268	-6,95127604640159
3,84010070197769	5,1849127131975
-5,90428569807781	-0,47456506332337
-0,889068111887446	-6,13182642771498
3,27018939894597	4,00016178092466
-7,45457257058484	-3,36501484809266
-2,92175474241587	-7,12457901460281
1,39217986554974	4,13268618403282
-5,76460042245993	-1,46276036802999
-2,79126147956364	-5,29628790120322
4,17200357178497	1,9768038900821
-5,46462992364082	-2,15647556651222
-1,42682395104227	-6,39565229697382
4,65345264587675	3,12235251848123
-5,88899252527993	-1,0997303776606
-1,01081055298314	-7,38711617116762
4,54448245636869	1,99738567724875
-5,93888715348484	-1,17332179956087
-0,437826281560942	-8,08031476257328
3,00050058742929	2,42081038409963
-7,82885336004207	-2,85000952157417
-0,231186942919222	-7,7692430486096
4,92306114375256	3,00368796985605
-7,6588979432067	-3,24233004592272
0,0641965513966047	-5,33459395098499
5,8714886206884	4,43407737929438
-6,86273786591653	0,544648262860352
-0,247880435191027	-4,99753425130256
5,16607357718148	2,12169397801098
-8,32278259408407	-1,32924838836075
0,510886601583146	-8,47010953016825
2,74626366783212	3,06039239295617
-6,98908999944545	-0,712084443880965
0,165292380116874	-8,62848580887631
2,43295780332746	5,36145977898673
-7,17131865206344	-2,35947578042046
-2,13997436419903	-6,28694450425707
2,5507302512171	5,0998140389828
-5,27398458751997	-3,66926992303129
-2,42962317315839	-6,94103410453716
3,5329965443215	5,40155676444401
-7,60369810030756	-3,28533993017792
0,131861635305237	-5,65628557635252
5,53420705171756	4,94743443098808
-8,70570289300948	-0,253256610076722
-3,10139812347287	-8,03510858144576
5,60065635320033	4,17880239335598
-8,65838291307492	-3,65775467937538
-3,41902182191585	-7,19284615074136
2,09544026171239	1,95904838437837
-5,01369079282903	-2,29342452592859
-0,788676401760357	-6,61031848651408
2,57709125364944	3,92056040757715
-6,65912747243831	-3,47389857738142
-2,6519337788286	-7,16857176240179
3,80590382867299	4,41918855171382
-4,5974176281008	-2,495680467107
-0,921427050014199	-4,69539049956086
2,90230315904323	2,94757837352561
-8,61728257313335	0,252292598422923
0,604342810987349	-4,36534903254078
4,89853474295306	2,07405477415729
-4,35215163708282	-2,36383944116847
-0,33708895317088	-7,14626383537801
2,02457258335364	3,14997217640157
-4,77463469163938	-2,45557472865472
0,611736523254392	-6,58951729463984
4,16659592968104	3,87042250735246
-8,18262908869796	-0,16072917853844
-3,85628745731909	-7,20706413619527
2,50274268926828	5,45244697911764
-4,94567573765539	-1,00246410426089
-1,52542964288745	-6,67944827567335
3,84724252439781	5,40845368075073
-4,3289188274358	-1,77078217905532
-3,14537214536275	-8,6853789882949
3,35063594015055	2,32547503154651
-5,36062284711393	-1,42893425879925
-2,30935900635263	-5,56144851557603
3,73414723321349	2,32806606342871
-6,56773937765401	-3,68712939139238
-2,81654258067506	-7,4046772229494
4,4214126786343	3,85569704766157
-7,87843290123526	0,381162861817994
-0,118524132522118	-5,04076461086827
2,65426586547482	1,32859088619328
-5,54197637633022	-3,24784573333695
-0,120785000136168	-4,68361159122559
5,86575523573849	5,51695614772943
-8,41588551591169	-3,46013696632125
-1,46393390029665	-7,86528082762843
5,07429383069986	1,33624830684359
-4,89690820349563	-2,53184903271741
-2,46629481700069	-6,66815624640635
2,45686545739363	4,52600287040468
-5,08155675159439	-0,801753631052465
-2,6849505532782	-7,61609326222052
4,06797889724214	1,47016370672033
-5,33291661779357	-3,73758060456502
-1,23624010741327	-4,97049163607468
5,30310742917034	2,98219802447606
-6,25837443534167	-1,34080012644433
-0,783749959882581	-4,30929819759168
4,42672175105807	4,3299486668896
-5,98518890613609	-2,45645902481208
-1,30293926151347	-6,15999208242399
1,41285423746215	5,23687954602871
-5,04589220202076	-1,88673825698102
-2,2845133957449	-8,58487105096501
4,59135706681693	5,06108941527299
-5,99350280605141	-3,53195822672492
-1,75221744762622	-4,7806361834841
5,77309980608596	5,51570096323714
-6,89677476695879	-1,65889939587304
-0,634191980037567	-7,17201503193167
3,13105815856888	3,91848028519025
-7,51621454863187	0,206264561133552
-1,93666778301668	-7,46825556646563
3,43951012538506	1,57429750948245
-7,90082546737781	-1,15844273938198
0,345999040381483	-6,14754249711546
4,10496284146343	5,51681450194661
-4,91997821530253	-0,10811317464991
-1,45220578394147	-4,92826370144081
5,68797117615965	3,55644816438372
-4,29649266995256	-3,33685066710173
-1,50520891660908	-7,29045016732412
3,07930349379045	1,71658763760155
-8,12935884836819	-2,85356812663195
-2,72029327519297	-8,57372500737626
1,81373789913701	4,37938871381558
-7,41648926428747	-1,3057176725255
-2,88186810620907	-4,71927224494316
2,45176441000757	4,23854275543504
-8,37166554906776	-1,44828811337125
-2,36842107972582	-7,90233666626981
2,31514197154927	5,22406236385362
-4,34798212011031	-0,393808751532206
-3,45845821909743	-7,2081128709325
5,10048537531947	4,8575712041858
-6,18171128491365	-3,0163367446694
0,392459590381769	-7,58010647315406
1,9199593567954	3,76719384707543
-8,18347217272923	-2,76723307856855
-3,63115988154184	-8,28163817796656
1,5712018065306	1,87557975944111
-8,39174719694979	-1,68165836249838
0,662315356407043	-5,60816385758618
4,81659712526811	4,99325449109069
-8,15687866566755	-0,794644538287308
-2,94351023741951	-7,49122282103465
4,82353730102303	4,64026112396009
-5,67234250575178	-3,20722478170195
-0,840223591595088	-6,61899439339176
5,05743776930469	2,72984100279621
-5,10830869379822	-3,40192264861702
-0,299009492839502	-4,26381042370556
2,26424597833364	2,2900299180193
-6,4102859314775	-0,137878280898717
-2,18848371947317	-6,15843747488118
3,56254704517924	2,46727494337411
-4,82172713456121	-0,54102025482159
-0,591614195847714	-8,4546862866531
2,01426905708491	2,74304394861506
-8,72461713130609	-2,6213973270299
-2,51190874773255	-4,25642657437794
2,40341394096968	5,58580071141398
-5,89237834204991	-2,62570407770051
-0,462217066810047	-7,08057765092358
2,12323101530739	3,78907750538189
-5,94864130736663	-0,827365126912977
-0,324323952580668	-5,29330721721691
4,26702638773314	1,51251619015022
-6,41965644511187	-0,6525038037795
-2,22497817729658	-7,50872124392965
2,6640006260098	1,82262000399829
-4,95384724705692	-0,242510342686143
0,0636363817846024	-4,76431470865208
3,35610372393612	4,06912511146477
-6,41956534417099	-1,36018562040402
-1,65797217141869	-4,42264534164897
3,01984069001819	2,76726377523631
-4,81319348132254	-3,15821111993949
-0,271661114216142	-5,77222024198046
1,6148378101999	2,72423548548215
-7,41486050405258	-2,56842622858964
-1,93168727283986	-7,36182952200513
3,62452603401578	4,82240246296968
-5,27433588425932	-1,74504668899654
-1,11505210989324	-6,95725757554988
1,28276656006051	3,86126849343685
-8,5029374699952	-0,864722456856378
0,445318007909993	-7,86210995165916
5,17768650494281	4,98962631215709
-5,18636912815507	-1,04969902990343
-3,66633565031755	-7,26466419837035
4,38531799883416	2,42483841310637
-7,46090491361748	-0,678641485575341
0,641480584698411	-5,84214152599057
3,75043560767893	1,97228817771014
-4,90601775061865	-2,28918601647639
-1,47290762594408	-6,2104332445142
2,61955996122726	2,27861691397646
-8,28829061493557	-1,84150762260456
-2,49394603121948	-6,82759216094418
4,50121897915198	4,55587401122873
-6,6224635615345	-2,77733716982786
-0,451912250779638	-7,74372630705681
2,87579415713351	5,38299700562405
-6,47397583979301	-3,13991193315179
-2,00765172391728	-7,56029924179796
1,38892843142907	1,79031840559021
-4,86503501295954	-3,73042183608867
-1,49662737788008	-5,96130835935324
2,35795570656259	4,37392868623503
-6,54417800750225	0,439259738135842
0,603279019534442	-5,93464311243078
2,78570530779327	3,16422119496869
-6,42474351134356	-1,01404959326425
0,602623386595678	-6,13467365306781
3,02587924602711	2,72417544126659
-5,03187873317509	-3,19407287306349
-1,86377157613177	-6,93388708357089
2,20933442464308	3,86279180643827
-5,28794409472275	-3,48436288657608
-1,36407449938952	-7,90982324255865
3,25210580288408	3,09183067566589
-5,28467849639529	-2,17681726146385
-3,22310258841477	-4,90987529175088
3,01773291847188	4,53736972633373
-4,47292144091614	-3,59281146502036
-3,61958077848137	-7,19112395825932
2,15604708762032	5,12873427548266
-5,37520524830008	-3,47992973150992
-2,1260911154312	-4,59715599758631
3,36679243071037	1,55838746515938
-8,56952234581069	-0,785073720300305
-1,52309677444326	-6,61597626972624
5,00269142372227	1,81585874211399
-4,57821872504603	-2,32248990981297
-2,52630926779438	-8,38905389446218
4,06905151261863	3,27768689624631
-6,66095191057659	-2,05193892322166
0,413218759643728	-6,52971346703995
5,86308529459928	3,97620572593125
-7,10075389114683	-1,14754161511291
-1,33470559537435	-7,28589900957582
2,39824190742379	5,03539291902025
-4,70667691306126	-3,19666631400272
-3,27525269988021	-8,22010288309193
1,64476412296067	3,18481290226392
-6,42934354764838	-2,61083934990055
-1,22365904061124	-7,1618454248733
2,74591258601695	4,42097609702777
-5,80731214102557	-0,850787465762994
-0,0559231724345297	-5,3030296100708
3,58113460784668	3,72913339638349
-4,79965747215094	0,180006549607718
-3,02893097862196	-6,44959967238459
1,70683347783237	3,55886089611388
-8,74470333998059	-3,08249146717202
-0,277067834212482	-4,89510913582944
4,56994945341257	3,80433331447794
-6,66118100591072	0,366874432244837
-3,73368491710985	-5,61480162404001
2,85295231833143	3,53309172581516
-7,23808067447236	0,418034445227208
-3,68246681198833	-8,46415787327856
3,82605286968477	2,04162892465873
-4,97205274431849	-2,79034971346914
-2,59619301742465	-8,56245734261977
3,59684095139901	4,08354772244765
-7,63201294231562	-2,60261087371892
-2,12990219150133	-6,89031712196254
4,77868989734479	3,00662705927785
-5,64904426155175	0,293671747921877
0,324945863889928	-6,30894300951692
4,97820528263526	5,41507171120429
-6,3802154671909	-0,561532884576785
-0,458759762997901	-8,16187458928563
1,48567021621212	2,22672073172977
-7,9384841897705	-0,284628495783847
0,276932920082398	-8,22882420919483
1,69322398196863	4,03863993269524
-7,31957545040147	-2,1137049575416
-3,69800686165421	-8,18291966387348
2,27408714942937	1,38984079741255
-4,6414404823601	-2,69556970689752
-1,16388503135158	-8,14633356303007
4,15303474786779	1,41271423805514
-6,10671026504268	-0,805895498849171
-0,846817005661632	-6,98215742260163
5,20032622187615	1,71321145955328
-5,14879661157834	0,132718330179038
-1,1598262459653	-7,68333048800419
4,4453143352548	1,95362594749314
-6,05404735073994	-0,0836689665427106
0,560048738052992	-7,44585175913742
1,98020152195479	4,02803829071544
-8,70068868610896	-0,295697806424031
-0,605684707524222	-6,74610008116346
2,87116043482685	2,52370540693448
-5,06815524529428	-0,755329526989487
-2,27492797546894	-4,58225310401894
5,50796602780787	4,21443792787505
-5,27972570232837	0,294906947932593
-0,187297180682419	-4,89006844198707
3,67534725003734	1,89152772626672
-7,20950065407005	0,300905741634601
-1,58253369715799	-5,99683820527848
4,40940651532484	3,68676472562003
-6,36530738830666	-3,66269469470168
-3,44532980702703	-4,95838218227174
4,8397610011771	4,45028305034888
-6,36980225099227	-1,16058805766425
-2,89294562230888	-7,82540429035786
1,96626849700792	4,38743157937134
-6,00203580055833	-3,08044026227652
-1,74224165885082	-5,21309605081266
2,80379018706409	2,56471312985094
-8,35075475881406	-1,83474519940622
-2,37313077063974	-5,90037172338404
5,34066766679146	4,96235884077004
-6,2400750020147	-1,13656862101784
-2,3500510806083	-8,73256944762584
3,49195443319995	1,65434810444215
-4,62971229945608	-3,49859693258121
-2,50757867059179	-6,68133628877286
3,63772358182707	2,63094578901635
-6,17662617755764	-0,463861336247124
-3,73023554747701	-8,4062324158188
1,37602729212575	3,82191038956107
-7,60032473923191	-0,840771535177101
-3,68964956482828	-8,14510392969507
2,01571488569555	3,26697348131097
-7,67455551765237	-1,858069057824
-1,38712029276934	-6,24513778070056
4,49848667608532	4,67721938271563
-5,4847643749606	-1,35200780672388
-2,35973445637831	-6,35753555221362
2,48588381297045	2,93458230180953
-4,36434925715825	-2,98961925503402
-1,48237339673332	-6,2438756309919
2,10660053932883	3,40912607882917
-8,1490240192332	-1,83341266685012
-1,94511153287428	-7,1311973049488
5,49683762149086	5,54854847206417
-5,21081138155101	-3,74985960543544
-0,30813942040653	-6,37722285199131
3,5587967414412	2,07813205799799
-8,14456253583469	-0,290561357866124
-3,74794095120432	-4,32797409108045
2,28148856947765	3,25179867888695
-6,91440115338348	-0,65772832097641
-2,85150177781249	-5,00307776876141
3,27164995626048	4,89428284650077
-4,56321600004699	-0,949910935225486
-2,12175192481644	-8,13804406079621
3,38541948170092	5,02643332018958
-5,54969817556383	-0,478014998677312
-0,478236799511056	-8,18091756661678
2,36576206259834	1,73759229929267
-8,73220072578809	-0,163518042560135
-3,34485819166834	-8,11686645979219
3,46390952599551	3,58023248090934
-6,98712952368898	0,00693972004398491
-1,64390451226406	-4,89386221944283
4,66413107568398	5,1474650508403
-5,48288520467303	-1,18587581531819
-1,26343674069869	-8,14303200764114
4,31291031923305	4,07700143695142
-5,16525268756721	-2,18612878804356
-1,80439311936273	-5,82010968146777
3,45137360722857	1,81634620363739
-8,66969595330235	-3,6772285118742
-3,52926285492065	-6,23906978417261
2,34873345514077	4,02653162156885
-4,36090477790509	-0,656224198386703
-1,77903396594487	-8,13791364990999
4,9138554113036	2,22577346937944
-7,54042996487383	-3,35129604368941
0,313096124673997	-5,76631900857881
1,94419758068733	2,40624625303742
-8,69513612714207	-3,54263184279878
-1,92458296153535	-8,17097633769172
2,91458670887451	4,64832408577493
-8,25097767163827	-1,33429558565395
-1,43244627941961	-5,79627498719239
2,16844029504388	1,66551286601277
-5,32415371090976	-2,95430866595582
-3,66496830308266	-6,78758309314637
2,18996891569685	4,95145373897883
-5,52425370572228	0,4890767569007
-2,55063781635685	-4,30659381099788
3,68648452904258	4,73264602688114
-8,05416697070704	-3,58811946872301
0,0055238998815077	-7,6197399231037
3,0906995741427	5,48382525007444
-8,46818223006917	0,114232555286247
-2,58381073288309	-7,32201767138417
1,38457436164334	1,27647732308994
-8,60118133042542	-2,77974929111012
0,3211397989197	-6,46287733887257
3,27258181091854	3,17011712805341
-6,39063132860162	-2,7062277340204
-2,25530989053931	-6,14529050889116
4,54565750957481	4,62733879117863
-6,58214414927747	-3,26272514597876
-2,50996856413721	-8,01874977417014
4,43573101675765	3,46416240150827
-6,57604177984485	-2,13166480396084
-3,80280883036018	-5,20411968644495
2,06902155412157	4,56181000172681
-6,33968499915431	-1,49045874727589
-3,41431011527081	-8,2830540166128
1,4920037119926	4,08451404123365
-7,0554068234667	-1,79942734520012
-1,3161507261497	-6,50294852964394
4,44933943023107	4,74539280848861
-7,12909288722779	-1,77679186350191
0,437222711092745	-5,93556100879711
3,96027771520072	1,81805993848014
-5,74380896267233	-0,382672127835647
-2,02870835876244	-7,78932965123144
2,38930238773859	3,94820251755985
-5,67266853631248	-0,217162254700044
-3,53181035584111	-5,17557899521439
5,34791155367283	1,98398673897225
-4,84891799358238	-0,755370100501937
-1,14150839560606	-6,6528203419694
2,06759390381828	1,67288036691345
-5,86122310132236	0,453863283295692
-1,00600080731178	-8,36869931232894
3,27633649373548	5,19530191417836
-4,48656877778693	-2,70966148115932
-2,16266307031715	-5,1827069005875
1,7908030874665	1,63674785878605
-6,88956628557325	-0,759916946850416
-3,30470976363769	-8,29522865443323
1,97993391209952	5,2408836247943
-5,65544743665707	0,157967233350371
-3,0045535139919	-8,3038409624503
1,52505666703158	1,29132996512274
-8,29087941559665	-3,43835073048932
-2,23270960856952	-4,61915785083461
4,08598177251483	1,77170668932221
-8,49834168250347	-3,65685384268186
-3,876422968877	-6,46419166722196
1,969955512151	2,99832310096218
-5,4329443385776	-0,62314938545094
-2,61732034950401	-7,8303046519369
2,97215045319372	1,57675364167675
-5,21498002634822	0,49320909928614
-1,96728667492001	-6,02203754726351
4,33402272444314	3,61084297147274
-5,44598161240552	0,51757821635653
-0,943129423748959	-7,954338381677
3,9441054854588	1,51980540415569
-5,48313164677948	-2,67119459571089
0,212788494147221	-6,59082568775992
3,241786506934	4,15786015331981
-6,73115190056099	0,608984598427939
-2,74001344121247	-5,62552885138174
4,38186967661106	4,31313092335937
-7,06552469874481	0,584221255058233
-2,75592445867836	-5,54831789190706
1,8957697875973	1,90590725873793
-8,72388788863326	-2,74875350185102
-3,36924354208164	-5,76367981424389
3,99662763788485	2,12632556958057
-8,55427221341238	-0,813229335982895
-2,51149021177551	-6,67375430193011
3,68644334482771	4,21420418528652
-8,61556977320644	-3,37806031399027
-2,69656045844361	-5,93666411472233
4,4842980968752	4,58049696305425
-6,37347565832221	-2,0834224689595
-0,917226281119792	-6,76783981879262
4,37808968488152	4,78861154302064
-8,7016121199355	-2,78453818161873
-0,52218106894604	-7,46498266805945
3,57038222200913	1,37120433695104
-8,38936819922681	-1,13584227883086
-3,75104962318205	-6,41376455267434
1,27525636868187	3,03438427224913
-7,2713858041599	-0,137965116559823
-0,0695251452096497	-4,8520050757617
2,26457493052801	3,53021688635713
-5,4148735404167	-0,297878180280951
-0,802941382071723	-4,90749545874461
4,71139317531202	3,99296867894137
-8,00553241600413	-1,9186261603437
-1,01426903785648	-7,99649776548269
3,37915193881838	2,64641380349079
-8,403349278676	-2,62796726758124
-2,84665606846282	-7,75699643029423
4,38250423289102	1,49247222140135
-5,83951314797871	-1,94992899112871
0,152175287922822	-4,44643906827487
3,84187738438739	3,94978260201463
-5,91462484050552	0,140413005463181
-3,89993166369275	-8,25534017140723
4,86151706409447	5,06307326741206
-4,33146821586917	-0,785787883400025
-0,456938551951238	-5,95076486743177
5,28654825032013	2,56413869689842
-5,2045815119963	-0,709570825398928
-3,19671345206751	-6,09753511408812
2,35324777857215	1,85528921160392
-4,77172541659121	-0,152108557043447
0,399705843562526	-8,53739154565234
2,4150694781838	1,48698503480109
-8,7188807052463	-0,458552856210955
0,494408058392592	-4,30697471674646
1,90354038220928	5,599766621798
-7,150969317979	-2,68575193762057
-2,51948840579529	-6,13714488240932
4,09904831866128	3,77835525841793
-8,14033741626259	0,68307094010003
-2,8294343415309	-8,78975508318947
2,39760655929355	4,96023907185753
-7,18946750436519	-0,510268230541662
-3,29502329067517	-6,50102110322872
4,56262133964942	1,90744974198965
-7,45193394824242	-0,672630932842913
-1,64374977519471	-6,44798398493188
5,70704262754233	1,68384001279568
-4,87546144210041	0,464076617506487
-0,976698606657608	-7,79776085811785
5,6414997193761	3,72717352002904
-4,6152991772381	0,0480153503764389
-1,29726116493	-8,27388274619921
1,98895077585529	5,48493998393675
-5,225612251043	-3,39223747479957
-1,718678218975	-8,26019926911073
1,86350649880755	2,44492967847976
-6,59901107327835	-3,17540044868883
-0,58013732858645	-6,74099526411603
5,14147870558185	5,0004878745164
-5,19753939260662	-3,41511072461631
-1,36638912968151	-7,61808609353825
4,17257242070885	2,15119179994893
-6,38978228045801	-1,99698046876757
-2,71692641880858	-8,42858112777946
2,85814032182987	3,32485114090086
-6,72274649897737	-1,68085285279754
-0,720779858754973	-7,73199025376127
4,23534984624002	5,58627563661233
-7,3342415053266	-0,895212022929091
0,0927867034333709	-7,1341508440749
1,39794749032361	2,87739775657682
-7,1966608851553	-0,445373223471504
-3,33532501423335	-8,6315425436443
3,74387236603559	4,94411556074577
-8,35932021257364	-3,12355948646318
-0,724003211950899	-7,5162096037872
2,16070998414507	3,86625887192682
-6,58310799283029	-3,17902828371912
-0,350258890858328	-5,71061805396895
1,20547018638741	3,50987662056327
-4,36500923830894	-1,07788949755823
-0,383445242627124	-6,76493545662526
4,95707374007018	1,64523053077112
-8,46547764013093	-1,78815119753094
-1,94232766494485	-5,91297205277854
4,22785570096639	3,32113396944396
-8,25488268413957	0,3183221437902
-0,68153702995084	-7,30248547791402
1,62390118725368	5,24200647027375
-5,85592712171965	0,51871260258203
-3,21921849579167	-4,36474613044573
3,2062556685039	2,89627515037789
-7,65979834215569	-1,08434998566614
0,256734013611611	-5,1074006757307
5,81793046101636	3,94107156845335
-7,67191803297854	-2,23084722283635
-1,55634015273041	-8,44976483029329
3,57999910055793	2,78303569971894
-4,59315447902709	-0,776741228332283
-1,80937598343808	-6,96488213263467
2,20556833518986	1,9774005464118
-4,65121229626799	-1,50335486034757
-3,83844097296937	-8,20876431552794
4,72541180681374	3,32201816428135
-7,46877747642794	-3,17993455016756
-1,91433202938404	-8,72140764668581
3,37952174817525	4,60994683302631
-6,640515393389	-3,4048437291419
-1,21462385609812	-7,93535264628206
2,74133704527979	1,99364429617825
-5,36540766488975	-1,73006020230976
-1,45183497518693	-6,46243039258335
1,81150437205251	2,34781105992853
-4,85653832858128	-1,34798883005886
-2,1812594405334	-6,71916623387309
2,58653710988552	3,48034046998408
-6,78299840786618	-3,4033348131686
-3,70432137879273	-6,20025203253688
4,08273429734138	5,00426800374793
-5,40975617416939	-1,45553574775265
-2,75992112042703	-6,83527928711853
5,78375690873442	1,8835068300709
-6,03190590469402	-2,48892410591578
-1,54797020468046	-7,09569114661191
3,14297671222351	3,55950472097126
-4,29285347428869	-1,95791952971778
-1,94346383359769	-7,78322353923543
1,42982388656965	2,64906887302851
-8,65717240491881	-1,77267343268435
-0,149928041497309	-5,42053800707245
4,56004424877674	5,37008131909763
-4,75903585648587	-0,37136052520989
-2,91539151490571	-5,07216672956333
2,22800078006594	3,0756444832044
-7,66349757121115	-1,55544910638659
0,541544389355186	-6,87074273239242
2,58413575179576	2,43948874893763
-7,31001696732463	-0,871455081999514
-2,15881512326634	-8,01377697499862
4,97536959065624	3,02340077461253
-5,82856169063109	0,642223434327297
-0,775210910093452	-7,63849569904556
4,74706241768202	5,03989975633398
-8,09618293392035	0,23115535216824
-3,73817569818501	-4,42307888244004
2,57991132844774	3,59622323872703
-4,5409693592673	0,228177996144582
-0,633063705060599	-6,20213840064158
2,06364165286461	5,36273248465563
-7,22678495304655	-1,60311287915575
0,201310595595868	-5,10525023591973
3,23046214176159	3,57087321798874
-5,71549338723025	-3,49744339437672
-3,17068709673351	-5,96366219810205
5,16388989430654	2,10328835892648
-6,09239145124462	-2,53197286317387
0,069892508285784	-4,37580732894033
1,96026573409964	3,70441533523276
-7,44758178270278	-3,09876337082336
-3,47665411885169	-8,20541514675425
2,32929350731248	4,24426592725495
-7,90259864062862	-2,15243677813604
-0,951911738560681	-7,80871457648149
3,91109929328021	2,00610999963196
-5,80002073196436	0,0515202448442573
-0,75259317949727	-4,56923888483818
4,39559547128015	4,33173352468809
-6,77609395678966	-3,595949595374
-3,0946315370824	-6,22833201059312
1,2336303687135	4,96143069862185
-7,75166941449563	-2,56844905812148
-2,14162618819888	-7,46260834003849
4,92510178693375	4,96336041289459
-7,14110196653819	-0,577591018341735
-0,439744565295024	-5,84169451564438
3,79101957550654	4,66968959400741
-5,30634432427243	-1,84512571872046
0,348905385352021	-7,73338233179431
2,37683312962564	5,44480549469742
-5,95663485428816	-1,9175441407386
-1,2757335306796	-4,56044157155878
5,36737728469176	1,80207311389976
-5,58539352706446	0,101552597827549
-0,793142013095188	-4,48282029483868
1,82897545769331	3,64423356709835
-5,11759338126027	-0,166883406639425
-3,46726445132147	-4,90182213079712
2,69566669385822	3,22776423277197
-5,31929480845558	-3,2699487381769
-2,90789245979408	-6,16215134200696
2,99292527921605	5,47245313474203
-5,70028717749336	0,449727126615096
-1,33874375830565	-5,51183407948952
2,47063094809477	4,34068944253637
-6,28198711146479	-1,88846773787856
-1,5850236761585	-5,86958179743279
5,50756061284879	3,90143801028074
-5,99247713157864	-2,15388783222463
-0,0337348036740854	-7,01858734228444
2,76782226515489	4,14037556855628
-5,07618601690654	-0,832453901170005
-2,29576114348542	-6,02172956271322
4,84760844071113	1,34154776207291
-6,18632083716165	-2,47470671946151
-1,93046819965424	-5,11079741612507
2,37297626423841	1,92508165731378
-5,17811036579972	0,329015496809229
-1,005723841784	-4,6372809569862
4,11753921474558	1,53809548309391
-4,72274135231452	-0,478167052647826
-3,17484238669095	-7,81341937934386
3,93035098068964	2,30259741403509
-5,68207908889031	-2,12190079763346
-1,24317421742432	-5,19107457710764
2,78329692801771	4,89836730808566
-4,8278395765877	-2,04063638214814
-0,0093485747838602	-4,3777461785869
5,42343633457843	4,39215634159291
-7,01362996198933	-3,53844756209525
-1,95438881807693	-5,56445649865162
3,41282235119145	1,87620381290341
-6,96836691251728	-0,220786287183481
0,38118806715235	-6,76415717548854
3,25985878366304	3,55864383496026
-6,34530591168816	-2,47166548314853
0,216306355910355	-5,15726053837362
5,48017635682625	3,28266690983375
-6,92452821888221	-0,540751244227961
-1,70726984088315	-8,11243586284635
1,45727639480269	3,46869024327189
-7,45265009102388	-3,70883759937497
-0,959031717499153	-8,75403556943622
5,57576897244595	1,47117365060556
-5,24203023619091	-3,2809053750699
-1,34363234551807	-5,61313286953406
2,70481893926545	5,20330346662379
-7,01983318865646	-3,05459455420534
-1,76485611327366	-5,02759419068142
4,46190346727695	1,5286920772297
-5,98489919332358	-1,08578642574906
-2,38261587571897	-4,80267032737827
4,11935478878534	2,05334797055216
-8,02639578482009	-2,51966349434363
-2,45580885447826	-7,75325142428472
5,23923775081017	2,62939580120309
-4,72468554480656	-0,784194277073611
-0,428310448341553	-5,85234891570654
3,63414966501613	2,92801231849127
-7,73409471797079	-0,722544355796099
-1,67410386024213	-8,28910579474746
1,85912025371518	3,03148249355741
-5,52049153459346	0,219529593562138
0,570665884148242	-7,24356676624916
5,24169680305279	4,40780185458213
-4,86724905830541	0,374139865775246
-2,61448712389411	-5,6261614679116
5,88923541695842	1,52460282956988
-8,07373566366879	-0,582348085056723
-1,20612576727089	-7,23239354045153
4,75654588428374	2,92254778087732
-4,25460262945935	-2,496731155226
-2,74336023673205	-7,49668824618027
2,20619954682963	3,85642439123142
-5,33517946193796	-0,423699159555471
-0,181600001056667	-5,96896506829008
4,02831871841775	5,08822809365504
-5,49561512833952	-0,617250620111753
0,0659559017463103	-4,64665117188568
4,31519017391716	1,25215257218249
-5,44466472663372	-3,69685235027598
0,481561490914793	-8,70781646419843
3,52870261217186	2,67702568899156
-7,38436544748792	-1,32117819475038
-2,80521581137219	-6,69705699160273
4,5426606991495	2,3518318628832
-6,1297315808991	-1,29783981143789
-3,65892921962446	-8,68669221697708
4,58913452107362	1,63791658831973
-7,34211982596368	-2,149467037913
-3,16036437192403	-5,04945082746774
2,61518452722261	3,52689697074542
-8,14353388501954	-2,36219957104769
-1,74500428765762	-6,01663861976517
4,86689139220453	2,68923874619239
-8,03828463035873	-0,236461639312565
-2,91577938735257	-7,78944707821967
2,65357133828972	2,5454611582206
-7,90602788164058	-2,97488352136981
0,272515675911463	-6,61799656734122
3,62091411618108	2,55079610274681
-8,30828336326679	-0,614845252249896
-3,3928774850926	-6,75984748300153
3,9063387131051	1,51499030053186
-5,22902362579248	-2,74457934571486
-0,850791810550713	-8,66379837598541
1,8705213097474	4,96844132727581
-8,68457744713625	-3,65488043632223
-0,867657911565258	-6,9306832931401
5,83488498840872	1,59191086494069
-5,03251754980371	-0,669661924542615
-3,65252624896883	-4,28985005212281
4,6178067284414	4,36031980593636
-6,19625386500402	0,657799113489401
-0,924743293244872	-8,01431543977839
5,29674763262739	5,23573785369828
-4,47715208268064	-2,24151561318619
-2,28599779559132	-7,45457351798094
4,66681078257071	1,59094594443504
-6,20189410694771	-2,32815202142349
-2,42312508009788	-8,71368968632526
1,90116460832761	3,64735790297601
-6,78094598544981	0,248265322416688
-3,03565980085316	-6,55005264677569
5,30982296560462	1,37012100557115
-6,04454527214952	-0,93572109143903
-2,42162176162742	-4,35759709702708
5,60222432062852	2,12285949209963
-4,25374923484533	-2,62441937570433
-1,93044894205429	-6,83467758294277
3,64335335172235	2,52310564624789
-8,04007157387927	0,594293079872699
-3,54627348565664	-7,44074040163826
5,04881980127992	1,63061569813935
-7,44973754560108	-0,442425892199332
-1,95662551521533	-8,35616256049527
2,34240274010831	3,58657516674753
-4,51417385361595	-2,81547822041964
-2,79292487960915	-5,2537464213414
3,44716696549845	3,96589982106452
-7,48988884754763	-0,64518045321462
-2,73276545655656	-8,7084813781009
4,65912154794084	4,85996122344383
-5,69783509490717	-0,220966589102854
-2,28614032639129	-5,80917406797651
4,63045676435249	5,26219643291595
-6,1146244743196	-1,82611998806306
0,628596345234459	-6,12743115932581
3,54349579921764	4,46665877522576
-8,47727638977095	-1,87902435150721
-1,96229676749938	-4,38841064465247
1,69044827479438	3,86826295243938
-7,58392781518704	-2,28359205637078
-2,82926159366465	-6,16103202200358
3,450012381646	1,27688259874401
-8,07048242473214	0,619069798965971
-0,995650224746755	-5,11581289596622
3,80142572981255	3,20606357686731
-5,63779407985049	-3,28345383880795
-0,887809617691308	-5,68710309668711
2,0363898970455	5,41463940143689
-7,32486511122435	-3,57426679881235
0,294568518250708	-5,77659688869689
3,23474058778936	4,27034907426662
-6,57755181497753	0,463736836731245
0,124510640428757	-8,7354219932647
5,11759791214733	3,15845695589846
-8,67442942682444	-1,76935882596718
-1,31639604825309	-6,84326797569421
2,45303977644245	3,30863306845602
-8,40975709393744	-1,23500347328925
-1,10012604361646	-7,40144850082542
4,6263168283823	5,52980100716831
-7,34465290883955	0,474659700669299
-1,19758135537031	-4,87160172347999
5,73470144049	3,38304765358822
-6,70250554842971	-2,43706338877226
0,547263030902286	-8,59390748090381
3,25689541861277	4,92812544038731
-8,4899606417886	0,673314696911081
-0,540157981080912	-8,54894236196417
2,50232997158564	4,86221119305771
-6,96231994040383	-3,07029386278827
0,319767241992988	-7,06449284398227
3,70428228097799	3,41204059405793
-5,05468300827695	0,230578771412558
-1,56403927371827	-6,26342540656142
3,57530962939912	5,34280416601226
-7,71219314514346	0,725634976438647
-3,62702019177753	-8,70001210800425
2,00166145585653	2,44082007150188
-7,08905618932962	-0,316993152517973
-2,18528517961901	-6,78764257119502
2,56008410134037	4,02572792624164
-8,31235989650985	-1,87565466192994
-3,39285627609741	-7,31754501303161
4,76377755393361	5,51443365554684
-7,19715784735368	-1,7744959528161
-2,9553879763945	-5,23434142364818
4,67791125347178	3,74875486538273
-8,15427618682405	-0,368862854108249
-1,03131323320762	-5,75703863472481
1,79108174470208	2,24548032346009
-8,32548473636641	-2,70590101127377
-0,237964422693239	-4,85010689831097
3,06301054164596	3,64337634263179
-5,36229833073085	-3,70857487191577
-2,04782459721785	-6,34289942046709
5,54798816242309	3,9557812889842
6,66017808191339	-2,94570523989453
6,66629614158597	-4,7190543692153
9,12302853742671	-1,51621401531806
9,86319574958275	-4,16327519725285
6,85265843158556	-5,72534402888866
9,01545220867578	-5,47134881534318
10,6908456640842	-3,16862753472713
9,52725311995176	-4,23224707964614
8,72347825818303	-5,71840271604383
9,66101457154106	-3,61042706698256
6,41616513130265	-1,81160474454344
8,61498692362356	-3,26551277074036
7,76165742078166	-2,03594144193334
9,22871082949335	-3,46751535653861
6,53841654721493	-1,7568519781251
6,60800347641083	-2,43559169695343
10,2384644534041	-5,70397618285192
8,5521258712288	-1,29905289315936
7,3781118266968	-4,63635796468841
8,35530783811961	-2,51779207059924
6,9099347224629	-3,1154692354987
7,44715326402016	-5,74016003984226
7,31405692008797	-2,28218180710602
8,72824538563414	-2,15023810301475
8,04877728928443	-1,50363439599435
8,31542473620987	-3,16766997288548
8,19836231215187	-4,11768862878185
10,3484011681375	-2,93405490185839
10,0603587754424	-3,13075337477138
10,1633573300257	-1,30783402032699
8,57153945681555	-2,39485232430304
10,0791645357617	-1,65766058981386
6,82959451086273	-1,78609640271454
10,6595103069565	-1,52063490472551
9,18040310743846	-5,00561769057381
7,20156141924526	-5,11965216217506
9,63043419745761	-2,49250416890523
9,53620996800585	-3,76694236228685
6,58884503828608	-2,0675761907416
7,58569219669953	-5,51073515684478
8,77944385885933	-4,78681758843798
8,82270648242243	-2,25955463192013
6,61447508489185	-5,0145060821487
9,49817708988833	-1,39920263036739
10,1072896827395	-3,20368252530723
6,56285403064366	-4,31072266788957
10,522506790949	-4,60204687448787
8,22847293752262	-1,84828434386377
8,79021298104757	-1,48078338807335
7,85296090783991	-3,44021845161767
10,1059613925134	-1,26387389947132
10,3836987433587	-2,6658246719912
10,0100699701763	-3,08080885305945
9,69619711620468	-3,63235178194717
7,52002718467188	-3,58784308460121
10,2497662842814	-2,33970701362432
6,85665584287255	-3,41548212561378
6,51424716272936	-5,21922360252466
10,2956584836948	-3,36391098936896
8,2553410676633	-2,7015971483311
6,61993276076909	-5,45826268961587
7,96751413451014	-3,10920708073385
9,40573074362641	-2,24067370580432
6,36749046248122	-2,07482670057622
9,71722635929776	-3,64831585633818
9,91246647026259	-2,14653957305467
7,59192939103936	-3,59269830688245
10,4282358078259	-1,99435195932364
8,55498430986442	-3,08659552992852
7,22815430996396	-2,89949618437093
7,79738098813905	-2,02641940982188
10,0152580470368	-3,93719024591186
9,86476319880428	-2,27240603877173
9,5359718333264	-4,98252824457805
6,77050741166365	-2,53072860375034
6,30990455409208	-1,45762970283856
7,28576732999139	-3,66150794323405
9,19173730998096	-2,43205009574167
7,22900367368526	-5,57829015855712
8,12371218198755	-3,9965419251202
7,85174103146934	-5,43947632987762
8,36091411803624	-3,52637866775836
7,91482274749411	-3,53808736395764
10,4305993641084	-2,90150831929811
10,7154187658647	-5,66664665512965
7,83483702338358	-2,6808130078371
6,8498287800031	-4,01938358386961
6,67718487991605	-4,36136424052504
9,60601498581089	-2,01273048190645
9,68974360692641	-1,50999394883687
8,67300846282886	-3,17066907405616
8,11157993797817	-3,5932325622856
6,97047596325546	-4,18768073562775
7,67948003853741	-2,50977349202339
8,19549723447915	-5,48718695838267
7,13555231385211	-2,51664091064083
7,70341614643646	-3,84093878413581
10,0101758230923	-2,40734604073526
7,74188449686829	-5,31824069144084
10,4072531528768	-1,94973392433111
6,95183966094095	-1,31345166528729
9,47482695361012	-2,9372519092016
6,27676398854356	-3,56390969136593
6,47172993913908	-2,24077885674262
9,86968960987459	-5,14882943457809
6,57784902895375	-1,79776319663018
6,48554796582605	-1,94774522841348
9,3964650103146	-5,49407684440015
8,92623700897313	-5,52071762704385
7,25047257783045	-3,8585850639754
6,81921526592796	-1,95559943611525
7,19909912932857	-3,18585252363039
6,35527185483028	-2,84430025728073
7,88301539304734	-2,89144469559847
8,88697254093441	-3,32452668177552
8,63814985322599	-1,98226365177127
8,66767325858692	-5,25947209002996
7,755122079424	-5,29230603316195
10,3450845594807	-2,41393943015557
9,11245283790746	-2,30930123227159
7,32346255862145	-4,63767026517255
6,27860703110802	-5,71169324838435
7,98887795311314	-2,02657398264332
10,1091925394718	-3,24465073551069
10,5206301261937	-4,49688675422589
7,96548258000143	-3,05937922732577
7,72722932083608	-3,12810254388313
8,55454283858945	-4,4280969073708
7,14693104810807	-4,77091455050704
9,2201615363545	-5,67744465989419
6,9546927613612	-2,4639200671041
10,5232648792843	-5,44736559895311
8,23922765960734	-3,83797573215825
9,11195011222311	-5,40170744201428
7,60178517443248	-3,32255271092241
7,28246927602317	-4,100537484356
6,36111017896299	-1,45513309872593
8,33487374187854	-4,73383685253691
6,37502209297952	-2,07361814559409
8,86519088084217	-4,01514983454988
10,3857008099788	-2,54569667222525
9,82625376720013	-4,43259919589932
9,09678356361609	-3,24285843402154
10,16497503737	-5,17527805764386
10,5435054089953	-4,91055313410043
8,58520187648927	-3,93401114345477
8,55991311206151	-4,70000408674201
10,325731008487	-3,51885636824103
9,65717842273537	-1,42350816324805
6,9764903202128	-5,60413678108711
10,6890815225865	-4,33545599660425
9,92788286324809	-4,52036556067498
9,45490647937385	-1,39667141802239
7,33301236579465	-3,67670466968805
6,50577410863063	-1,31499331225097
9,62793771829352	-3,53387808214223
9,05965240884804	-3,36182821243693
6,93970124759983	-2,34723598658226
6,3155703831183	-5,60402768437492
7,60372185804609	-3,66175632655349
9,40658240900402	-2,70083785333316
10,2836247850166	-2,60435270266484
7,72101639488314	-3,95511742217917
8,18106981923677	-3,6338582636693
9,9206521293126	-1,64352723096036
6,82777692130463	-4,92727208673637
8,95930718603966	-4,51430317443571
6,45529312568104	-2,18819776997054
6,70680015733887	-2,37957247520745
9,29791107296367	-5,36333605216894
7,76639611106405	-2,84710335559228
10,1835523489254	-5,74452985593453
10,3769088730578	-2,7635075358464
10,6105486407906	-2,72818665889112
6,30187152838637	-4,58832106041506
7,58844251756464	-5,18183235459885
8,33625916573291	-5,18006743810772
10,0532581986834	-1,70337467541505
7,78369974069439	-2,65256508646397
10,620498825055	-2,44230999442477
9,38236979684787	-3,99358371970433
9,36496542161359	-1,47482999614425
8,72590013040968	-4,5092316986062
9,1857965871183	-3,8670881739188
7,16358188966453	-4,36392593852407
8,76503326499478	-3,21442386896312
10,4512196196121	-4,71149478607703
6,61345168313374	-3,33954190678743
9,81571560835894	-4,02640333294017
9,29418685602883	-2,16527142663283
7,4036240945161	-3,73068002955707
7,15212110548123	-3,83828412541809
10,054125037473	-4,82112150299512
9,46988129332082	-1,74594725721027
6,44900970501177	-4,44592407118589
8,51362616651633	-5,33484517487246
9,45613300788505	-3,44851558803027
7,25307694432563	-2,7424205521437
6,91337252096751	-1,63454033852154
8,20145286305997	-3,30169291618698
8,89238886122842	-2,67195836519508
9,24155068993393	-2,51975188982015
10,5811605794939	-1,80370602732506
10,5124232107705	-5,60593837249653
10,2358551220003	-5,39060266582946
7,29014377562563	-5,10600871576325
7,30777044186127	-4,3109331827826
8,17494520959318	-4,69562883192956
9,78491380236971	-4,12074750961638
7,8482381583417	-4,33023285220298
7,39583211479048	-4,11729174782284
10,3560080510782	-3,13945862455581
6,92616943790967	-3,59626921354779
7,17226009002054	-4,23768256060826
6,31467211693515	-2,31481648080592
7,43830271041071	-1,72572218190644
8,27101343850002	-1,69885546058628
7,44253021960113	-5,30131422616086
6,30815353150357	-4,83859104653176
9,65343763737983	-3,62506823055128
9,80181003955397	-5,38017304142395
10,2222942936855	-2,6069244928633
8,68019607611494	-2,501841071784
10,2672047182398	-4,16091954524759
6,32586600686237	-1,30948546370188
8,04388279197085	-1,47156053563157
10,161361694697	-5,70649093766199
8,92085107952049	-3,88743219951235
7,14427831282241	-5,57392085677342
8,44676914376669	-4,14457876267497
6,46229408463142	-5,43303298057615
10,2350741088356	-2,15675450333168
7,36539930037281	-3,47876311617731
7,48630282088813	-5,49226774048942
10,4040230201354	-2,34406045870222
8,147690773166	-5,19193607692858
10,4904043671179	-4,90033467029436
10,4482079847987	-4,64109188826889
6,56909802683434	-4,44762070114521
9,97719899954169	-4,48704991798835
8,40997633688681	-1,71729485565649
8,57126103073751	-1,69030217755273
8,39271001497651	-2,04740892851888
8,62049004414254	-1,57126091558446
10,6220657878963	-3,33083582410915
7,92261775747606	-1,29733927803607
6,36415492528493	-2,58850682894105
10,2720320024472	-5,33248876612762
9,06619029959563	-4,2834361206988
8,97747932956689	-2,54148106594736
8,40159526198625	-2,91741213026585
8,70625810832652	-3,35058062712281
6,33029338691381	-4,16566282474921
10,743115443241	-2,79790544560384
6,89638671288658	-3,92322871001241
9,3257367298368	-4,81567388120527
8,49226007675771	-4,21473462373889
8,86189858746347	-2,85903855154554
6,48268888627855	-2,23033262635853
10,3195198333974	-5,52855475414552
7,78059239171463	-3,10807858403901
6,55101646708161	-4,96829212043846
10,0828036299802	-1,38163282345832
8,34705662827947	-3,83331690717705
7,48015109378194	-4,24193031557706
10,6223737314353	-2,79566521499912
9,87592133820962	-4,98072046169019
9,8576208324537	-3,76469116054747
8,47159300532664	-4,82847486793613
9,22750986162785	-2,74884647893116
8,67063954760527	-4,644687975147
9,35746374376889	-4,42939409015898
6,69732230237206	-3,95747348484657
10,6197213555205	-3,96162878097269
7,8491338704318	-2,59372928497999
10,0837830329127	-4,24464800629461
8,6188393501392	-2,92633924665841
8,74236011019401	-3,06576869137261
10,0049130126471	-2,44978031934566
7,33615342572781	-4,4500847190696
9,38642559253431	-4,64346153813983
10,0227048398785	-3,09327495832185
7,24778610610167	-5,24290139315866
10,6340086584753	-4,53626225698448
8,17602274729177	-2,72953611883208
10,4836444289513	-2,3280594935247
7,89316225336565	-3,60804520437844
6,38451575979945	-1,47206625690703
7,15116687539136	-3,73299664856384
9,50463191319349	-4,9636405204305
9,23246747533566	-1,25203044211516
8,49965527196986	-3,73632427638044
8,02733580762327	-4,04436261307347
9,19650710304318	-2,31363116676331
9,7807766237422	-1,53538991311907
6,44970037086963	-3,37894165961001
9,23600456959472	-2,47014617450282
7,08123358108001	-2,518701296867
7,88195743928387	-1,54045114766373
8,53985956940352	-2,51890357316327
9,12120018191668	-1,30185986247777
6,43029318163031	-2,5445850851346
8,46043787814435	-1,92907340736923
6,85782637259979	-3,11704502163138
7,78349954534667	-1,74350458143612
6,45795821032232	-1,77138554788225
7,27371470506195	-5,59435517268078
8,28701007365186	-4,58385874381327
7,08121524791028	-1,94316791621141
8,14037849241205	-4,4571223416712
7,80962984506463	-3,16922288345737
7,29275847503079	-3,1971883778056
8,45059086088644	-1,89501525166758
9,0782290410678	-2,86056440263274
9,6943525906924	-4,28079378942516
7,1362769960019	-5,73532173394786
7,13111815613174	-2,0747509853473
9,64760331771659	-1,25567401163417
9,30200811987046	-1,87647569310013
8,38947888433572	-3,62875947508719
6,31354259402639	-2,95467927788569
6,9390722428447	-2,23814421821576
7,8012679021063	-5,12903642689596
6,27459106032884	-2,0945737111377
9,04524871332719	-2,63303023412167
7,03350914507153	-1,28848632726608
9,00965264912496	-2,23475563050156
7,09167433540858	-2,92656594972878
9,80072535236953	-4,14761103863231
10,7246078974402	-4,53371508109198
10,4806284140365	-5,23369049495516
10,6818579301394	-5,33513954571
7,70205017920441	-3,42772702660725
10,0396459664108	-1,94042980556314
8,38773443037105	-1,64240332202865
10,634852045955	-4,97465635447428
7,15966894703977	-4,81653643958622
10,6731257783954	-2,05192673062733
8,04802083029199	-1,65818040981523
6,8752904650505	-2,46022319940741
7,20719052247783	-2,67945839277895
7,07005873622006	-1,99307039279778
8,3806386701567	-3,31328804508396
10,037698943425	-3,06924391691065
10,5096390224269	-4,46963089922344
7,16677006165794	-3,13808393204906
6,29720964141945	-4,22946273916624
7,94206434134815	-2,63344856464129
8,4300906793809	-4,82554699599235
9,33139381631952	-3,37556942340843
8,50632449819781	-2,46554330562581
9,85543506335881	-4,65841936222312
6,70095904401595	-3,23648836424726
10,2137577238478	-2,86311908643021
10,3813615394626	-2,6413084744383
6,66757212076639	-2,90533879405854
8,78097054634729	-1,72253086466691
6,76984506974836	-5,26822748397799
6,34017962273465	-2,36308379937273
8,76009290177832	-4,00386474183104
6,69934461259658	-5,24468916360531
7,47868858308979	-3,02037301032143
9,10199400395921	-2,64422624815751
7,63655946998153	-2,958569046433
9,36386563549224	-4,60029335311455
10,5570073079107	-2,21448665816426
8,72841759524953	-3,82205849069447
8,17800901590871	-5,22444931946217
8,19227219382311	-4,18579842688298
9,08719276143576	-3,58803770347081
6,81365802090753	-5,6923196369045
6,81520699699198	-2,3285410975284
7,20152315902609	-2,46416405885802
8,22785077063515	-5,28936832330365
9,7489944790514	-5,06522498589148
9,71772695169441	-2,08824115944335
8,3654149206658	-1,6173710124648
6,63571608171713	-4,01688366158999
7,26608992414822	-4,90818808897652
7,3615951853484	-3,32626742242271
6,50715522740052	-2,73972759657669
8,12982776104406	-4,79510800884785
10,4487819430506	-5,13488852434497
8,32536702623101	-1,59166053060025
8,50631402787271	-2,98363070809152
9,69094294002589	-1,36485923142267
8,81890808077545	-2,9973462492685
8,76533453851733	-5,7375878353706
9,30201219075479	-5,30976116995645
8,19983593728881	-4,27220887245497
9,49453459747557	-5,58350507067205
9,68827671836874	-1,3657191219791
8,2410909632766	-5,18744204017107
8,01406809952905	-1,61789446572036
10,5692445914773	-3,38264181639248
9,08811310916272	-3,54478086478586
8,73003568626657	-2,39852574819073
7,38813788490402	-2,97922035566165
9,19147658543443	-4,46606780254272
8,46019143412013	-1,63613096568056
8,72092723035013	-1,86191684878117
10,6393482822766	-2,95175312924126
7,86306097468187	-4,35077326188381
7,57953164813403	-1,30328874481427
7,2858513263607	-2,99766119589871
8,81973532473878	-5,25176594133707
7,84014273780033	-5,28302867680963
6,58419750852362	-2,09884808569656
9,73145337541063	-5,18468823318014
9,37880070180398	-2,84874513278244
6,65896979235752	-1,88313564223811
8,7892647345003	-4,7862232897119
7,15930402732394	-5,01344338934601
9,56458401000777	-3,07825381266551
7,04046663648377	-3,59141793180594
9,27443696416674	-4,71142054971492
7,27702979086062	-4,28458400114237
9,25203618437234	-5,58047485827399
7,1557482018772	-5,71052255858289
9,54193904563252	-3,07377337680173
8,84739578221148	-4,16134246358424
7,57678798518612	-1,25764355802414
8,28128633386348	-5,42010327977489
7,39831100487767	-1,552055359549
8,97238144278112	-1,94755648914121
10,1646645148646	-3,12135542624144
8,77698779174116	-3,11530718966842
6,35867112354927	-4,99544457354764
6,86497571194352	-1,66311528902031
6,42208201536352	-2,85014378015943
9,77788601163782	-1,67716552038612
8,35390245803071	-2,64671846761662
10,1961551363384	-2,67425979432451
10,1350250111299	-3,54420984647243
8,61194855004218	-4,99397283936983
10,0387843811393	-3,92116787222867
8,58682573644548	-4,76593157162575
10,2184202837718	-3,30168461650865
7,37845602842	-1,77732553471783
7,52290888403044	-3,63330542556362
9,6322662211193	-2,02898693307453
10,3102918467618	-4,71052806421412
9,04686186490002	-1,85510047168492
8,74690180332475	-4,85148731834405
10,3788920728844	-3,08080184997786
9,94768482201807	-2,88743525224312
6,74915331715786	-1,77053312134172
8,54281146165851	-4,73748343250875
10,7294604117415	-1,32003327383911
8,38197623191089	-5,30921555196792
9,85206939822414	-3,73964859618897
7,9208375950708	-3,34557177608602
9,51230158290614	-2,89579402474598
7,92882461651115	-3,47037590083759
9,1626932093446	-5,36363902619543
7,77564219557467	-1,96657173724751
8,09864703552102	-2,17500376010049
9,63411893213624	-4,68168641089143
8,84199453535822	-4,58145405145756
9,42513704871342	-3,5843439238188
10,2200031543456	-5,65802942406826
6,9966861885092	-4,17108256387167
9,71725726074943	-3,14951867918973
6,74942617905626	-2,37497365271852
9,90231505758197	-4,01083417873361
6,46381314753608	-5,37899578439606
7,43775068971171	-1,4925888163136
10,2755387281571	-4,31739948607784
9,32705513168714	-1,75539774816685
10,0849484941484	-4,63683323629657
7,83265178892015	-4,97042798997636
8,69690483333277	-3,85080345963103
8,57640518089653	-1,40967178295192
8,61263747167726	-2,89541588924202
7,91002713418939	-2,11349395186981
7,24528309412459	-4,30428529286445
7,60652156233413	-2,50569524916313
7,42642290731532	-2,09619129682372
9,11098812049931	-1,70909625277319
8,45860834194444	-3,98750100962357
8,4184556952067	-3,57488589637081
8,74704310857727	-1,55414247402901
7,05876986439308	-5,6194615373504
7,81642256701064	-5,74676990124303
7,04642146152782	-5,72229688060095
9,82114298419361	-5,57277280088234
10,5366355590634	-4,66964485298035
8,4824801133477	-2,75462098303088
8,19132624050189	-3,64924911654478
8,57912931361677	-4,47795594197238
9,93903366976397	-2,21687769344522
6,98376448221975	-4,81977485083354
9,6319713995377	-1,58557925969209
9,5252890180321	-1,91513497096175
8,53634938477535	-3,44806324923652
9,78051310753937	-1,42592320865766
7,45562415041975	-5,25085783936967
7,82937879946625	-5,03654427239505
10,6239984797941	-1,28973638574574
9,13990860472528	-2,99331269805471
10,6434063161169	-1,33310219144418
7,73516674983309	-1,76891277221765
6,69058185357245	-4,31652413755896
6,48862460863073	-4,40091624493033
7,8457398185466	-5,20175919844451
7,97314501203469	-4,84601130559796
9,09414264395482	-1,68350467038237
8,30969930805257	-2,49164602550957
8,96692639778585	-1,61558313645704
8,32416904374385	-3,36189919057545
6,29208661623713	-4,0401273391861
8,48120949130113	-1,3200630854133
9,36429751687468	-5,10724508766757
8,1896790073769	-1,61813607980306
7,01088579085532	-5,741899484491
8,67331978361255	-1,78117044765381
9,9153691419052	-3,94496360254269
6,67645139552181	-4,35553458213754
7,37183165541755	-4,97891303695841
9,2348294771208	-5,64375871320271
7,91315321811411	-5,58603940100529
7,01176958589798	-5,01007477049028
10,3150114824336	-3,58350577493964
9,21970259500419	-3,92115111734612
8,73511803284352	-2,19740354831368
8,68764398178627	-3,31756245256408
9,57900015588046	-2,83846434044174
6,2896963661806	-2,97616298520583
9,3946514813845	-4,01648416401635
7,17614242803908	-3,23548912582347
8,41846946968454	-3,92668713624961
6,68921869073752	-3,03244678739023
6,6298933556493	-2,34982360921675
10,5183567362878	-3,34622175311739
10,6397994338748	-3,21268844106486
9,96425644926761	-2,17300569859379
8,52756589231165	-2,31487562475147
9,86260617833968	-3,25186177279792
9,85918999886925	-3,79322448571696
9,09061973563336	-5,00538461861132
10,5852524024949	-3,14047904991256
7,12162096485238	-1,26294398231514
8,10435336069962	-2,08663410520466
6,60778405743425	-5,53220146715394
9,45549581138169	-4,83825832576841
7,49409479273516	-1,34480095861417
6,78532060516946	-4,92386380857155
10,0901512972168	-4,48269549382395
6,54913191733887	-3,54750158363533
6,94962110451316	-4,99349999665809
9,45558080595938	-1,612849481355
9,29806891104281	-3,22380743104457
6,77842760583066	-3,64372043638398
6,81325499811849	-4,04298489955576
9,93049478869176	-3,52531981943321
9,19051232216205	-5,48612045825226
6,34711606921567	-4,97372050568247
10,7298380085289	-1,66664051933502
7,75146126577659	-2,977720982279
7,75711454005239	-2,24900189574181
6,97628592076661	-1,27522848548078
6,73185543041207	-5,68000921365975
8,80862837420265	-5,42146877770425
10,5154461692672	-5,18143523673833
9,40446751458421	-3,67546252819742
8,17594618199559	-1,58576567491244
9,25731355499809	-1,78072557120055
7,82168861422675	-3,00633659488679
6,74467542708116	-1,85901462263374
10,6610337824196	-4,10327799528536
10,1661338162735	-3,5499685683981
7,35582533112866	-4,22098475581257
8,24220517437136	-5,49961250748699
8,11798397477828	-1,75834985533453
6,5109086491188	-3,1362326028352
8,19491323236533	-4,68323202661664
7,11044185658038	-1,92062188698596
9,01655332911226	-2,9272397062231
9,59844943397553	-3,82014660862875
10,5704662311753	-4,00236351945812
6,33238474490422	-3,3367399257575
7,06416368085205	-4,07259585548121
10,5592178676611	-5,02519741467835
9,78289329113606	-2,32930114075131
9,62869236625553	-3,15097773331263
9,00311429821626	-3,14409466258394
7,76575471603094	-1,71362167929972
10,233892388223	-3,97788079310926
8,9252408029245	-4,61961137792879
7,75684494898952	-3,7490327797386
6,51815618179895	-2,68681602372209
7,62029407534831	-4,14757560662622
8,72036093529993	-1,30448772406809
8,69726725702929	-4,40004054472582
10,7382961373333	-1,34076471451314
8,23012347734417	-3,82832019584717
9,47730510460445	-4,44220694811226
10,468495901928	-2,60802199627389
10,2627773122401	-3,16462322012988
8,73547435054447	-1,75029308810101
9,48196231610367	-3,58591460949031
9,97897255862835	-2,87043228012995
9,34030249604707	-4,61908273166355
10,1310084203165	-4,72409925878223
9,16529207291046	-4,30041765347003
7,6288957151509	-4,27712502192987
8,17812291777103	-3,34870921914368
8,50149721927833	-3,59712795109241
9,76421269382832	-4,47017339897941
9,76675429337612	-3,43227434655311
9,68978595917963	-5,52462397644158
8,77331929579603	-4,73404418470589
9,00857931354383	-3,88297456212957
9,31186440750681	-3,18314927396296
8,7091104745717	-5,49328972577277
8,8202397691064	-4,59634063970461
7,0037423859319	-4,47812110711252
6,81820046855663	-2,27516671763152
6,99181461635361	-4,78980915309774
7,50040189146537	-4,81468763754364
7,18566324096708	-4,14524340426481
9,15264350093869	-5,57680940525706
10,7147111097303	-2,71658005770173
10,0653102333028	-1,28278308034816
6,32253418510709	-2,16707087469136
7,36296975074286	-4,16881908701952
8,56714194288674	-2,25645913404164
8,3571011460496	-3,04345896771071
10,4144830255438	-2,90828673316851
7,75872534314593	-5,58462271009498
8,47540018426058	-3,97406701754845
9,38007415046454	-1,8545478948416
8,86723959058723	-2,99978187449216
10,1322020622307	-5,23170038503155
10,6541267068258	-2,26418314169969
8,08671766836709	-2,45268408289063
9,72790781872475	-1,63815700099498
8,06971309582962	-4,95403754814859
8,88288453651734	-5,087929387649
10,101529627055	-5,59374392762996
8,76353583761408	-2,29459606374307
7,13047505238108	-5,51437582936576
9,25381820068432	-2,09223990451694
8,35887643980756	-4,71315567539265
6,54644315913875	-4,97325429664979
10,7205305216683	-1,80940150352648
7,11089910394948	-4,9460392438933
8,15756087340189	-1,70106676789255
10,1117771067456	-5,57171543953882
6,89643596009003	-2,40217074313202
9,92331824867283	-4,68071647905573
8,19557960280728	-4,7272859934583
7,97236695189824	-3,017001665997
9,91954507480396	-3,83596063931262
7,28750596464253	-2,26400332153958
9,12112117660963	-3,07288266094588
7,164554927886	-2,83594995307082
9,21457019732009	-4,52396136128595
7,70202723300028	-1,68769485531918
7,43419944486553	-3,87476885914438
8,66578093911743	-2,77846712454378
9,62971020497309	-1,50256131303907
9,09369900694922	-3,65302795251069
7,49444407182686	-4,0888360457823
9,28808911192511	-1,93345956338939
8,23412359148458	-1,49562013423254
7,73367488545673	-2,88148509746253
7,66984474594787	-3,59321126291092
6,27036569025751	-4,09427332555917
9,84933617828623	-2,11013217864788
9,83224530503959	-4,53200421948677
8,05453074339288	-2,28929757772888
6,418796145315	-5,69162224109847
9,90324382419523	-3,67601826695916
6,80234723923703	-4,77707028833505
8,28856516575518	-2,27692266060898
8,79574046095729	-1,99306602706248
6,96257540687988	-4,13244520010735
7,74750569017967	-5,38989695036378
10,1617833142754	-4,07246808063773
7,76915736484467	-4,13170308440692
9,10785662921991	-2,12908111884103
9,07160278670147	-2,13305418209448
6,53911934623083	-2,12477251262498
8,37000936831278	-1,36956931780027
8,12525776958638	-4,63497638999872
10,4968071887512	-1,5880107853428
10,2545704439092	-5,00010076818061
7,70101870273613	-3,94011658374167
9,15968125334629	-5,5707526918573
9,10334899504386	-1,41640876643863
9,74723568730398	-1,51503797667855
9,26426784481369	-2,11775651240844
9,17823982324953	-3,03542318638626
7,66078505514689	-4,28504257120475
7,77798766147036	-1,43371819478404
8,35288522064073	-1,85457633899393
10,4974888246507	-3,74887608225217
8,61421264383222	-4,45889556042416
8,8621205387692	-4,57866265281953
8,07958122283504	-4,02376224633725
10,6565205509659	-3,64982439507609
9,5098451449717	-2,25720251636748
8,70588589804215	-2,11838830738253
9,40603999711364	-1,38834986119744
6,54888981941249	-3,6992319304681
6,73839480914413	-1,81826914036968
7,7338998484676	-5,19708325293214
6,78862207488877	-4,88416012088582
6,72240586908372	-3,79230787419836
8,25596546016949	-1,2828040599952
6,81693500797791	-3,59488129929743
6,80604517101744	-3,25226683838166
10,7205408866083	-1,42829370636173
9,50822138675718	-3,57256107040675
8,11324455273652	-3,37170738306727
8,39063663198343	-4,41795042535309
7,23085684311845	-1,96903148779267
7,55386391078581	-4,37265096108628
6,40289576329729	-3,1497948105229
10,2722773405118	-2,15372654766601
6,98227720712145	-1,62378223084019
9,67280661777684	-1,38430234424514
9,79770859380091	-1,56402410370292
8,25091409514022	-4,36016487180213
9,68591401463085	-5,59014034328208
9,03860527180991	-2,39302388174057
9,70087262944425	-5,02289324783664
9,05304169965404	-4,22434690586893
7,28382114054611	-3,11496685965761
10,1017230477509	-2,08836312535867
9,63384047640427	-4,91078545551311
10,3141916492549	-5,64371099867859
7,99106007830288	-2,29785408699877
8,18397105985138	-2,23583045070037
9,55733779593664	-2,4718927211938
8,60642483019087	-2,73482604654346
7,64192738943247	-5,14286941046365
7,57608514736846	-1,84991852922984
9,36254048451485	-5,10957066871083
7,11855320227892	-3,09396116994173
9,67054528318015	-2,3316035506091
9,08657287736484	-2,18610043554983
8,01242088957158	-3,97692933676665
8,19474098608553	-3,12646700780381
9,13419973345564	-3,36737162774984
10,0695977756114	-1,94016888352249
9,74117629652725	-5,51195354780491
7,03522296834068	-1,87985476672355
7,19973682276323	-3,447748786311
9,04821860213931	-4,19730904165523
9,64532623887254	-3,43307951543677
6,48921398160506	-1,43342139244813
8,88334252545434	-4,60413363152599
8,60763837808771	-5,37950918040634
8,42642449931991	-1,44929394359558
6,53554400406075	-2,85044995342914
9,86337152217312	-4,98095070233549
8,83373222431346	-4,84859341208302
9,7451314593077	-2,65127075521096
8,89069343381019	-5,50237590070492
6,26218401117882	-4,42136241853821
8,3202022327722	-2,63567656032836
7,90788428541322	-5,20572557177702
9,66844034709434	-4,01443745829668
7,30702969471192	-1,79408736821488
8,01273744306831	-3,12844648539266
9,87821860632624	-2,7165350793
6,26015125755839	-2,16759020795462
7,99316804506589	-5,07965676313877
8,07390470861662	-2,03648478856994
8,68161164962074	-3,53783496887589
8,52987641561893	-2,05553077154981
10,2772662675966	-1,39048830711169
8,14202744995129	-3,92804326852642
10,6727579212822	-1,66353417940335
9,11696758746437	-3,8802484686572
10,5731263759459	-4,8996319863192
9,03059696529351	-3,61874574275869
9,71169053823948	-1,68073145692248
8,3373050717345	-4,89243902700685
7,02811966652314	-2,33746277852052
7,40956190567466	-4,25152342865767
7,50865661311775	-3,20793259157493
6,48996356128367	-5,19038913888882
6,54577230311802	-2,49408057870524
8,98825860574029	-4,1805586320801
8,86473333048871	-3,60293792093945
7,22402283968207	-5,0520801940579
7,18313102736769	-2,92430871103623
7,96445593123705	-2,37411623749137
7,75334744755629	-4,60647754913612
8,01259394467671	-4,72590588263165
9,46314899156779	-5,68231741824607
6,77865943692549	-2,68857595084035
10,0834142016446	-3,36905961008899
8,3395584878515	-2,28114870327191
9,83296453052333	-4,64812700472085
10,2906902971432	-5,58627929864919
10,0103312479313	-2,96253400979362
7,00064021180749	-5,34620832467033
10,4676245163145	-5,22716117722572
6,40184958032544	-1,76523975906774
10,7092521058249	-3,42370719212897
7,69545713528857	-5,34318044655994
8,03455247368655	-3,98771844174068
9,18254248534681	-3,90583896325072
9,81960152242526	-3,24390263883475
6,33982863657053	-4,21602367427134
7,57094011283381	-1,31542220168378
8,9641638983435	-5,74842423877009
8,09857987092068	-5,35340694186648
7,64110404233859	-3,90759364876823
8,59656646899639	-5,04538349868234
6,85638456059769	-4,33057250906089
7,00818193753233	-4,72257410260986
8,43934998453969	-4,04766783537921
7,82164992816309	-3,1731895990918
9,48309390917835	-2,66061143244677
6,60940656363156	-2,4640755673582
8,88275989094167	-3,20117538969538
9,45881890927684	-4,91011729306693
10,1956819070968	-5,68717612191907
6,40038069286186	-2,77110184214905
7,50083284627349	-3,15075078252105
6,95592378943988	-3,84504156404173
10,6900457223675	-2,75967876310138
6,3317151571598	-2,37392203317728
8,69844675381004	-4,45019632947079
7,8442600142323	-5,05056943400297
7,02059068743002	-2,51121128978583
7,67342592491343	-4,1495668392519
8,36572389160555	-4,30427207598696
8,32606620031748	-1,68453217008203
9,90068608519152	-1,90295154597131
7,0235350618539	-2,38765756980426
7,25380101225778	-5,01173252993308
10,706645535776	-1,37829418107048
6,84035964314202	-3,80439394347825
6,45338199520084	-3,36718402814875
8,91478785641472	-3,10430274782103
9,7909052959199	-4,39103640771969
10,2927905482942	-3,70831770007742
7,93678411641914	-5,08157696081868
6,92920521237093	-5,29217191833894
8,63933423366849	-4,6651522737597
6,85518995908559	-3,42236933797618
7,5606748547835	-4,78118122512359
10,1609531171532	-3,21713414985317
7,05538072784046	-1,36473124546885
8,85429963185206	-4,67860871072252
7,36701186002134	-2,66428314246453
6,29638583826575	-4,14919538389362
6,78428999770082	-1,55924972984029
10,6885942439029	-4,91838521724048
7,10027452916402	-1,65468520714039
9,06674700762826	-2,20249969025909
6,28099889385768	-4,58402120021016
8,76261640389382	-5,0335827837782
8,76073919761343	-2,11271911919643
8,77080910950204	-1,9790083688545
8,13022424935765	-3,27182804251766
7,9690381939448	-5,06544982866781
6,928378832712	-3,06600971195013
6,36623262579998	-1,52529773371932
9,72772929998069	-3,98332148020291
10,3734231052876	-2,9244004851783
8,01767625712814	-1,55690714589278
7,23034997851682	-2,09940917809252
9,70522017305787	-2,87248684418136
9,98875136728814	-3,18646427319318
8,49355933212604	-4,47008418549156
10,0742509098787	-3,58519284047975
6,51136958036005	-4,94132414614515
8,24401234308952	-5,13437215885332
10,1245431531939	-2,17496589062669
7,47523945955185	-3,75594333768261
9,08630312896138	-5,71883596737701
8,69742310168002	-1,33461248953812
6,37977792646793	-3,2257330562079
7,44776044994922	-4,62431586574376
6,57573838791622	-2,03282016410702
8,95027622739758	-5,74428034697175
7,30214569708207	-4,99544750975471
8,60417195023236	-4,15236022163862
7,48038882366361	-1,47204591149652
6,51357674786841	-5,70548140781961
10,5049204387647	-3,42473622512627
6,53790916407288	-3,8040222259806
8,95081587844937	-4,16024247058375
8,57177105943619	-4,16806116567936
7,15643100895772	-4,12538505744709
6,72889091313619	-5,70835534669516
6,4091209404521	-1,87443382621365
8,18888510867378	-1,9760541842097
10,284302377458	-4,51093136378664
6,66745621541	-2,98732381423221
9,97174640818255	-3,93570532326104
10,0241346736978	-4,44564092811039
10,732524958447	-3,10119578769604
9,06816572823207	-4,20314950562484
8,12179573298915	-3,17608702525975
10,3782122583934	-4,52636500009111
8,95877836247385	-2,15548301367102
9,69498983336848	-1,52022579482743
10,6810725448094	-5,44927871475302
6,81479351988445	-3,41468822741333
8,39595286130649	-2,85063362809155
10,1981538487572	-4,43132393914532
9,06189798617008	-5,03470565787474
6,84004373913719	-2,68330575188568
10,4763472551984	-3,91339390087309
10,6191282778075	-5,15612050322478
8,45637597913888	-1,67890349134961
7,99392317389131	-3,23608476210923
8,77110428222135	-1,30752329300583
8,0730890306991	-3,21994255181962
9,57079579455904	-4,65384180146365
7,74675965064525	-1,66130208586132
9,27205826448816	-1,90017185464784
7,24570318878299	-4,05261373605377
10,7493299957501	-1,81106067547942
6,49150585668882	-2,17267485094322
10,2303142919586	-4,25412876848586
7,73568451824998	-3,81932005552478
8,75180326713107	-2,49357532803703
6,80247999392911	-4,1364296538967
7,18904825544394	-1,5735720198394
10,582788313565	-3,49993321388848
10,3981272140862	-3,09521949335158
8,52291853073891	-3,13539485755152
6,35875877938578	-5,33998057562816
9,78624239711304	-2,7188266620646
9,46613941753351	-3,75335903831316
6,59964546700874	-5,70783004713189
9,14660613790453	-2,40487579789363
9,70994279896687	-5,05740519795079
8,73058911266028	-3,14352104356756
7,61947757346662	-4,11767632429775
10,1719244208139	-2,95656147062111
9,15181291635745	-1,31631381724847
9,05502455825354	-4,63876501650825
10,004423257999	-2,24416091273527
7,50917413531563	-5,62679031468258
7,74852018886047	-1,86027534752292
10,0195353203131	-5,46259775923614
7,76762576963987	-5,1083017674755
9,90833012141436	-3,41897090375295
10,7178064398369	-2,49026466472212
7,41937530790186	-5,64832507864082
9,04064108516661	-4,64387715475706
8,01710570676767	-2,76588457895926
8,31740548150676	-5,54293578611406
10,7430941152392	-2,66807515796454
7,07540227196457	-4,28901405258612
8,73865547534694	-5,7309622146706
8,70923923379909	-4,64907116520037
9,07080367119853	-5,74824718424974
9,3667717280425	-1,41355604026355
7,15879379481897	-3,44868208678739
8,03201650570427	-4,40468883252316
9,27100587468119	-4,25994877731677
7,89253238431718	-3,70722684154429
8,01412270006867	-3,16483667865119
8,07001371900022	-1,89766309721116
8,59322955997562	-3,94652864789127
9,87527740649951	-3,4581661842005
7,22011181613647	-4,10295430739115
6,80777173441626	-2,13180146327067
7,55693983872012	-2,97398268173552
9,44029829447411	-3,85820689751746
6,72574671999016	-1,81699822966045
9,09586643446029	-5,54894278710893
6,69971060281935	-1,27213290635081
9,04327928975306	-1,63898200553231
8,09330467859902	-4,24337671134388
6,41135864541342	-4,12687459076784
6,80453115303465	-3,83397218478618
6,98284828706384	-1,45247724150557
9,13406822499363	-3,82959123942213
10,5895677877771	-2,31786826815305
6,44132586539256	-3,3008553353153
7,60146950904923	-4,44771633603187
7,44285256554012	-2,44517080114405
7,53365794134869	-3,88351168155267
7,16969624351696	-1,95982153795553
9,41234404851064	-4,22600164392838
8,76376331049366	-3,75025240648948
8,98237589489705	-4,81118369107644
7,79795709072033	-2,3497149499013
6,78186412395273	-1,51373138495899
8,88993281301618	-4,16581815380047
9,16104724941982	-3,63130959558746
7,22369378905207	-2,66253997856103
6,73894537681996	-5,25356874501393
10,3033237856649	-4,75859613162006
6,77042343476879	-5,73925963361408
8,11935985327417	-1,95574236817408
10,3301609398855	-4,39664558226545
10,4327119960988	-4,35740230188219
7,98117849159816	-3,63081191844483
10,3561135677978	-5,56070351876316
7,012623581383	-4,77540631655934
9,77272454233495	-5,30892690656752
8,65158205961845	-1,44548004700093
10,0402756360661	-1,32565182482648
6,63360174575423	-2,28310675816405
7,72113105769873	-3,04103323995631
8,9402997972707	-1,76651762502273
9,28171950123434	-3,55212482462751
9,0931213192039	-3,13802253339725
7,96995706526151	-3,52642267513274
8,8777161174606	-3,07648033638705
8,60622981146241	-5,41726586569027
8,14509536305435	-5,03201997730708
9,29287598640095	-1,31118158060793
8,59678358685409	-1,99860950756728
6,95851962689038	-4,01209307682655
10,5721872452023	-3,61024900997349
8,78941696723556	-4,0183839924412
9,06940478413228	-4,94895611042036
7,03180140133363	-3,8190573095077
6,50661823601908	-5,05846780228089
10,1722916983126	-4,40660709596028
9,7482556871875	-3,84387831595038
7,774680216067	-5,17811730948873
10,2087005418124	-2,6205584009079
9,31816427991324	-5,13913181214265
7,34910858911344	-2,81659079805028
8,3381220847467	-5,27075369668311
10,7420511011806	-4,92994879006827
10,5950140877425	-5,08456681583968
7,50933579653628	-2,0802022868844
6,46511586437633	-5,43892236355039
6,38386146440505	-2,14963385505306
10,2977811768879	-2,19475505972432
9,64594241124108	-2,60962341386101
7,52480430225675	-3,06518480281983
10,472328243322	-2,79502990272045
6,86632606888344	-4,12745270624036
6,50299285723235	-1,84009850615511
6,28528472874318	-5,64529712032312
7,36134020563934	-4,56490459219929
7,02201923673371	-3,30167624465262
7,4160583171271	-5,03726744895314
6,35696167879027	-3,56030610855842
7,67269160362622	-5,03453983166452
9,8356263695731	-5,4005391029007
8,78270108914047	-5,11259894416285
7,13398538449543	-5,25013817740002
10,2412302366422	-3,09222991464919
7,53624537054986	-4,12276051393372
9,67559193080829	-4,62940497614246
6,45055285572719	-3,71921651819899
7,42840890944175	-4,2405220625515
6,26880329929585	-5,11013343412775
9,12972300861217	-5,15948229410987
6,9095537984025	-4,45310124136909
8,68519590087418	-3,22658523292843
9,79651130297149	-5,07477015309231
9,39452930327838	-5,0454807846787
8,87330927355401	-2,72366584937166
9,59138247606174	-2,68090575534484
10,2472826504593	-4,25854413479966
7,90652475864187	-1,50209560443682
9,19781380468163	-1,47463117154837
7,75477938158082	-2,27930328024974
6,94411370078813	-1,39226864210471
7,46511235055478	-4,72231708264803
10,7030117488936	-3,01209944978636
7,04100088793663	-4,99406249661188
6,48445235527155	-1,49098490354238
10,595236600645	-3,87466775606379
6,75253939185175	-2,55550645871159
7,36819517394547	-5,42639640226905
9,54050037446462	-5,5575011203844
9,13140650735918	-1,88606822245299
7,46754817061271	-1,63606284302844
10,4052677953487	-1,94223142906907
9,68958243596529	-4,04051651690961
7,52616500593368	-3,22406472012551
9,36280686865446	-4,41598287343619
9,23547619957965	-4,42321168002127
6,4051956621539	-2,5266391343875
7,3419805844615	-4,55578116036415
8,90648210389713	-3,21267236484381
8,14013263708193	-1,99746434827362
7,4448357881857	-4,1640752924737
8,37963001777411	-3,2529985585041
8,8261712279412	-3,98383312082115
6,67126157039367	-2,07872036754058
6,99237838324128	-2,94327075765709
8,76519682507351	-1,66567052997616
10,4195682023656	-2,87233691350931
7,98412206157544	-2,88085980444472
7,03425223735987	-5,52041967045001
9,84635453755789	-4,40472990301396
9,2424792360583	-3,76613365889415
9,7587510663316	-4,0040328626478
8,91341765809707	-1,44792938960281
6,98121024138626	-2,6100748460763
9,459731956299	-1,99557686111682
7,25195183867797	-4,82501883195112
10,3306722839798	-2,98873678242616
9,494776135929	-5,03049357052292
7,08657175933072	-5,57807881277258
6,50630334380688	-2,63341257171105
7,30966068138892	-1,41128406854621
7,05991461992853	-5,44297602297216
8,97229002517986	-1,55937221531018
9,1961970896125	-4,97496633687083
7,90263810754231	-4,42498744223981
10,1691432524948	-4,72326183910249
9,41709201344401	-4,32398625668598
8,33307141973345	-4,82769427533739
8,69362950567343	-5,58460802668701
10,4410325827402	-3,71496444802626
9,03206254723877	-3,20007184471561
8,77355867262638	-5,17496869891691
8,37226384636887	-2,76965443871467
8,42401571662528	-3,58094862865974
7,82572101818478	-4,89814110827828
7,86826697351835	-5,52322699846703
10,1578342897542	-3,9086190758062
8,30893299301002	-2,24173788014342
9,422345894531	-1,68942660185136
7,92113389797385	-3,48938202410521
9,07747286971365	-3,57313418188277
7,75062968681406	-1,88789445532362
10,709077485408	-2,08566008815716
8,20204221281921	-4,62297132413441
7,52626287027286	-4,00486512108201
7,92336286297041	-4,58916081939712
9,63550522769006	-4,38231185281909
6,36534786744268	-2,41323748631664
9,12162829139074	-2,37813645838324
6,91035999925862	-5,59697903664868
10,2581110388623	-2,05933377610546
9,05506603267446	-3,67217297136233
7,04694546000879	-3,32845817661817
7,94852881565666	-3,4611076954144
10,4559494316973	-2,15124686988276
6,86639800708037	-4,11836609086677
6,72784984389159	-5,45908231281382
7,85272895568483	-5,30137897446358
8,81460422928267	-5,52618548079082
10,0919283731542	-2,62868328907332
8,77160068593404	-4,82017123344045
9,71456036199728	-4,60118452903446
6,35394687294152	-2,62285474793951
8,96246711028887	-3,77732820160763
9,38202423568668	-1,2555109371575
7,64302013934341	-2,48966480168861
10,3214242609173	-5,17200580250758
10,1346132858997	-3,22797780999897
10,2534208482738	-5,30100998773864
9,80291892303391	-1,41291237233978
9,38811145510361	-4,58056669165593
10,7291251646777	-5,44520118490778
8,32150287904625	-1,52180298381211
8,007832228651	-1,69438697256864
7,01527595751921	-1,29353169996014
9,64693644557618	-2,46940376136758
9,09136791441708	-2,80266572850417
10,485717863673	-3,70317678134933
7,81304004367736	-4,06366599751142
8,16663512376567	-5,22501765588893
7,54051127796014	-4,16117759002162
7,96061015315998	-2,43165506212737
8,55598915174488	-5,18189798633535
8,79275501588282	-3,53159154311099
7,6065605297929	-4,92382489788235
6,62932719451056	-2,55513255537436
9,22225836506107	-2,46922027611902
8,6337846378102	-2,90580596829034
9,94967642813282	-2,59676295654077
10,3852946026845	-2,67431494346988
8,47289313254158	-2,59349248695936
9,77234882531202	-3,44482095655433
6,53145188308648	-3,46691951540845
7,95652897713265	-3,77939133880457
9,12149566507158	-1,95880239914311
8,93672439435215	-5,19132609233478
9,95675819183823	-4,77845307832214
10,6149605216553	-4,22283599229036
9,63734195298819	-2,46368543758813
7,52866532310333	-2,12269886734961
7,78050270473629	-2,8622641279705
8,12464481236868	-3,81776504562276
7,39141890121761	-4,57438357017235
9,06373004829394	-5,73862809993899
10,5074306202443	-4,26087353054467
8,20249282709055	-4,12643540324353
8,02169916744293	-4,58306139891254
9,62600277746799	-5,42864672356049
6,30799811081739	-4,3554036668394
10,1849058897685	-1,94512772535254
8,00835717268017	-3,60365265629293
8,78341280992449	-5,643513111873
10,5607125077076	-2,82837417690906
8,72136513480764	-2,93336404709756
6,93364619922625	-4,86325311183172
9,00865743508035	-4,41319022407426
10,0261946478236	-5,51383976080178
8,01552804795934	-4,24043555968739
7,67740653858058	-3,43027834872506
10,5005140907369	-3,78971750449506
8,16443435540012	-5,19648846705402
10,1529537451518	-5,60780241420679
6,40062804590405	-4,03078251543573
10,1070154127675	-5,23749637539318
7,30954135839226	-4,14919612759
7,77904153517582	-5,50095808981329
10,7443506464516	-2,15285602436951
7,26283687252582	-2,24205938034306
6,34414806749399	-2,09139294170676
10,1337732651379	-4,51879474800465
9,91606661715574	-3,54766761674221
7,22918018528822	-4,88296927259841
8,41771197507447	-5,73513639274457
9,30618427767663	-4,52446278732993
10,7082159834243	-3,00475601335821
10,3929615815652	-3,1072825037565
6,58195251851467	-3,01014133472832
7,48606862439314	-5,58347554715082
8,29402926966726	-5,55211677529809
8,51698859351732	-1,92106973488734
7,16492394278847	-5,61850294325504
8,02494213818193	-5,06781855937595
6,31833901882361	-3,32346271658019
9,58802963563737	-5,53481025237019
6,95341529048345	-2,77302670896766
8,32033655089228	-2,93100460478026
10,6924947605348	-3,76866836217951
8,10304537501176	-5,16977115590312
8,33721426459258	-3,83575126645139
7,46956595119262	-2,31880429710584
6,80803889397902	-2,6294706855558
7,96977141788319	-4,95555806787777
8,85554868705676	-1,35738036254615
9,57054963861866	-2,97488486537751
9,28588380887289	-2,53148322348607
6,39430846711429	-4,43089467945785
10,4189011630255	-3,89717692612307
8,87009294945881	-3,80715631768741
10,7110639124514	-1,68011719295102
8,23419796387906	-3,76294179642643
9,98626094794069	-1,91001613113034
9,66793270878593	-3,52600944220695
10,0061187479514	-4,69907712865297
10,3427085759024	-1,46458966262179
9,36982533163642	-5,32522520407578
6,91241230584068	-1,92951203044968
8,28319692797749	-5,13240232803927
10,0087958028173	-1,85410807971247
6,91000823708724	-3,68063650871307
6,26383572017351	-2,60804974287168
7,93807665381046	-1,45674217519658
10,4489521803585	-4,20438075075269
8,7779875920008	-1,28270285485978
8,23725907684954	-4,28572745249711
6,55809628717455	-3,72659147746985
9,76390514896991	-1,81884142705121
7,01998559359124	-2,18873888384559
9,69270916205177	-3,32401664720314
7,39748052142151	-4,04793304750733
7,41557322349943	-1,66012539988685
9,69135056878783	-2,09601171100086
8,32819729747271	-2,17685867363931
7,49039332882707	-5,73109161484947
9,3967578429901	-2,61024259995486
10,1383847605956	-4,99489283166055
10,4993741558919	-1,38882957653418
6,52660861076733	-2,38406798416114
7,05166353953147	-1,85658392752396
10,254792183599	-2,69202159895086
8,39016815009516	-2,3773616778034
10,3597859893166	-4,87558425662182
6,57476964762827	-5,07743799082023
10,4795677099103	-4,50212160766267
9,28815152914859	-5,73324161650043
7,53121256342462	-4,39665601916597
8,59307357859374	-1,78758791712465
9,86773931876082	-3,60273662613761
8,37873704557257	-1,51218059165855
10,1476412148259	-5,47428959596844
7,13970470575261	-2,1762200025892
8,25073600755046	-5,68898062003306
7,20894363503308	-2,12141412142264
10,6071278443858	-1,92925226398005
7,03519881500576	-4,56581959682556
6,37185925932613	-1,98518983859616
10,7336114897629	-3,20236574840592
7,65919928387382	-5,32499135259478
9,30508119390139	-4,39800541830911
6,46613270093981	-2,3082116772413
9,83106807059091	-5,17419971961484
8,45141547653203	-4,14302329964631
7,27979991813139	-4,30686946767191
8,30118564322405	-3,2219702993416
6,29078172735087	-3,19318662607962
9,90372250712085	-2,90112958418929
8,18551089658818	-3,03211835459938
9,53484603416467	-3,92518640020003
9,65746526904376	-4,20932904736016
10,2230869527613	-3,68234790677718
10,6510058915721	-2,30728598626253
8,95311078196443	-4,37680246666261
7,04955489937972	-3,62079015601799
9,27111088431257	-5,73496913698738
7,33494841602945	-2,24389608594403
8,57987967030211	-2,9368137764646
9,55335279081335	-4,72893429752196
7,95707099494075	-4,60762772419495
8,44040859287571	-1,47310834140468
6,84452295136173	-2,17889753827131
8,40049861398564	-3,485275460299
9,26684191278313	-3,66933398375759
8,03259946156855	-3,32314907327252
8,70322839973318	-3,0344356398139
6,45559018844292	-2,74876180918493
8,665265173901	-2,83116454232255
8,44682535942627	-1,57226550307379
9,56875065882631	-3,89920784634437
8,76160521284137	-1,99968815403569
8,16728973130712	-2,36834645287697
8,93037466607536	-4,61833364912919
8,12361308244673	-3,9303441119372
7,75848018135701	-4,72665253214683
8,91495720625846	-2,13986772430495
8,3302381712089	-2,25164284292229
10,6809346326457	-4,80235057272733
7,31085398512974	-2,14553522999245
9,88793735375498	-4,08518932703995
8,73509688836974	-3,64238113690769
7,35986256805178	-5,49355959071162
7,15352378335447	-2,93477641147039
9,6854550912316	-4,56983534696103
9,04554870141141	-3,22685423930689
7,01859119418533	-1,60887279251525
7,96765220568847	-2,87831242653597
10,5847595739047	-3,32729125056427
8,36689522679555	-3,01568355421384
9,70884291540982	-3,58077151369563
10,0480784482513	-4,23631676613552
6,61738362172076	-2,43538653432338
7,84122694984173	-4,80573214209297
8,47611915903407	-4,48684339856018
6,9328813821007	-3,81847230001958
8,80313404871225	-4,40727023874752
8,31856805088988	-3,19529796200043
6,4629902302176	-4,24809151312484
8,59901961857295	-3,99673176276701
8,78901382016058	-3,41418415046217
9,99522688600467	-3,15359719625697
9,17230240257501	-4,00895771590293
8,0431322607493	-2,49355298058221
7,14933432176523	-3,14812704670158
9,813530691707	-4,57552029256922
8,03887331267775	-4,40537855062531
6,89287267860972	-4,46199037470528
6,48916409235274	-5,38447533332236
7,39419770753959	-4,5627312368375
6,37679908550938	-4,49511211121364
7,15059182484144	-4,46153417515935
9,72614771571474	-3,04096965360899
10,1168044727266	-2,326384003649
6,65601815821069	-4,78029437438407
8,03266556334959	-1,91745468934082
8,12702016515831	-5,26511099222061
10,606972376928	-3,40104293769982
7,03630165888347	-2,68905045573255
9,14521010895	-3,70872336528284
7,62242210321858	-2,70382089843278
8,23314777382129	-3,50377376477123
8,46318726915399	-3,61879207227952
8,35778862890737	-2,43678801118777
9,48371563303642	-1,25353889657672
7,34092211667899	-2,86302411697539
6,86112552208856	-1,95449482840397
7,22811221867837	-4,12954386873261
10,6991515445038	-1,65500463183869
9,12416945074815	-1,88249335315017
7,04219003031644	-5,46238059808634
8,23233019747946	-4,54064695784968
9,82115054688945	-1,31666492080074
10,4532049735175	-1,76480683345917
8,91412646520433	-4,09086418844825
8,75396021885334	-1,59667747545143
9,05679482253463	-2,6558821352594
6,62893179258784	-1,75389676553257
9,07171219657514	-3,68074196309012
8,70653471349337	-3,47097586641704
7,39010990896306	-5,23972647026155
6,63383414701132	-2,44951884243904
8,64016974708336	-5,07143877077224
8,75020057388	-4,20796642667443
6,52494573619181	-2,74116802026386
7,77395898548019	-4,77170190197782
7,34880150204256	-5,61800096139868
7,55746629701778	-1,57732609340366
7,44792500209575	-1,29649913217664
7,23518734046621	-3,26365700668101
8,10371810402546	-1,71362994788289
9,8108063491379	-1,57629548736062
8,4306929093773	-2,72368241689077
6,81113302535875	-3,1668611929601
8,55925033907593	-3,12255596975074
6,9891218368622	-3,6343788248758
10,7086781422025	-2,38408448719463
9,90228962455344	-4,78084538989324
10,2336520781548	-5,41680375763482
10,3447018292587	-4,97033053978076
10,4820635881425	-4,79190480339387
8,93212489871922	-1,92206178703792
8,9148887058317	-3,92145135984873
7,81025021565352	-3,44125091403894
7,85791537500662	-2,51111084435133
10,3077313656458	-1,80904795912858
9,55063307265621	-4,75836560465124
6,39167805467377	-5,66488240994778
9,85405038483006	-4,1785935340622
10,4105880598936	-4,89720833034187
10,0024405211244	-5,53301164236949
10,4159108064663	-3,22694911094371
6,52862340633811	-3,85861649368569
9,59032177389275	-5,47064124834705
6,84974779812235	-3,79162544060422
10,1959382944654	-5,39207073876622
7,32760623230803	-3,8942167983377
6,53810850271825	-1,37424161188658
7,73629496577953	-1,29962273930333
7,22402064616456	-5,48096856831528
7,32934968017919	-4,27059573502696
8,46630061020803	-4,60176836972449
9,11506668980549	-3,44359962784656
8,15145765104315	-4,45582013336549
6,7302467476949	-1,32822199948234
10,673247457843	-1,4173775452933
8,92654755390813	-4,42829283756664
8,15936702020584	-3,7379977684022
9,57873030350942	-4,93717304011356
8,25939367451386	-4,99974902087341
7,06700391565669	-4,29577821158533
8,79531931003061	-4,92664594397046
10,6350115919772	-3,95889366963571
9,78930022732422	-2,97040064582023
6,46166396698028	-4,32020280678793
10,5437927176049	-2,89328535302041
8,09992143853666	-2,67226435666413
8,48787877953993	-3,84597638765484
9,57348525723754	-2,32164344031887
9,90506072654203	-2,73451500660986
7,08851602002668	-3,17823627386808
8,97082662166794	-3,74451563080501
8,23477206358053	-4,3472463328325
9,57758461840394	-1,45145274398066
10,7324534156126	-3,49927349270493
9,96574136408468	-2,04036228403956
8,50197390461182	-2,78260711855134
7,53802886475302	-2,89428054209468
6,89023664036235	-2,27034916518005
9,37269482469502	-1,68444586105634
8,07922698095003	-1,35433066052258
10,3199572707549	-5,32512857128688
10,1360490558371	-3,11300723351995
7,4122461338583	-1,43670786296023
9,67181001252221	-2,08926338484303
8,32906918362482	-4,56316986571293
10,1689207729444	-2,28933184525386
8,37554140241567	-2,36432300673665
9,10367700669182	-1,88859827521795
9,04481857012726	-4,81480139928264
6,64281142469666	-1,79516531108088
10,466178688385	-2,29253894758954
6,66699230602781	-1,53199313465191
6,91710140307415	-2,74781250790976
6,86976076187979	-2,92145550557592
9,80797131698247	-3,27831405212733
6,41844230559273	-3,19261607210554
9,01001484506628	-1,41542058175657
8,44609248837815	-3,61897680422904
7,19331137331198	-3,71570363457613
9,40289199337228	-4,35608043591339
8,02293209109867	-1,5145609896767
8,37805340139803	-2,47941516736648
6,96449751995852	-5,40234656038353
8,00141272301372	-4,01119040924875
9,46733418045876	-4,90138234701576
6,65635716092276	-3,06942520275994
7,46606198339552	-1,55757717806751
6,32400302207838	-2,56800887509259
6,67526372297478	-2,66682323567725
7,2976977059194	-2,81404362887838
7,18770172796324	-5,39366903900132
7,95854643040928	-4,3963773692054
7,98117003951746	-5,72512633546544
9,04267213636327	-4,17310570085444
8,28351543341962	-3,83549910065805
9,63157160194026	-4,3999068594315
-0,241941200082935	1,42740986838588
10,6576255013661	3,61088839456019
-2,25929323578567	-0,813321544483637
8,75680041864843	6,09192433069647
-2,39897295503544	0,513363711579123
7,69992460071709	3,97969337901641
-3,05910906163698	-0,379781599949372
7,39857109437971	4,85204285393369
-1,0581549040256	-0,712337707732491
8,96343712899528	6,95280317155696
-3,45977669341881	-1,27612467358189
8,19898070596041	4,7366600152186
-2,0693997909601	0,822486689111039
9,43145176588733	4,58496338134538
-0,974694629632429	0,958698076491291
7,5452634453221	5,99767432502756
-1,03019077500245	0,280270291408458
10,1970783505572	5,30563646920278
-3,46196416907002	0,216174537804001
9,90222074086167	7,07529912051002
-1,80413868486167	1,05592519963932
6,58446335103725	5,13337958953424
0,0106291902149054	-0,592091616249046
7,71183134545858	4,33557861812221
-0,523797395342243	1,10268341901683
8,89918387281575	4,51386275548316
-0,508470617004372	1,00027232610359
8,57107624671365	6,96967449043004
-0,0330605784407627	-0,69364334394702
9,14769566723934	3,85290756380304
-0,218566045580822	-1,19428908727562
7,47261534289889	3,8210261986325
-3,28065860115071	1,92534651477731
7,21247308996517	6,43333969511232
-3,07743719426099	1,34340202959359
6,90794828314495	4,8266436698273
0,0591493048214486	-1,43128823447524
10,0788857629521	3,46016671863164
-2,43618318319703	0,432271975238119
7,05169247437929	5,21842370094852
-2,9875147760189	1,79226699166234
9,91508745105282	5,16408174461232
-2,80216609509049	0,811506344301053
9,07356391474374	4,39614953350406
-3,03787151824157	-1,274548639023
9,25150563075195	4,55284459426542
-0,0625782860643005	2,45116246771185
8,12937578960939	4,9893020838204
-1,1452985336251	1,79838834219668
9,27702494795148	4,77839922584734
-1,97300936353576	1,17132269785524
9,42000144452015	6,53457117091936
-1,58191257728356	1,98742936296107
6,98684653809273	3,67262643844038
-0,29819166430636	0,286606664904564
8,62393388842667	5,59535286280349
-0,647975789804486	1,23098736743104
8,52830955346069	6,02440800010531
-2,992763539749	1,29300533009965
7,26832983083463	3,69539454591125
-1,65782694380139	-0,521431315221941
6,54489981525457	6,39060798135764
-0,536828614512579	0,595072728822545
9,18121365724111	3,62094954365812
-3,46214439712692	-1,27871640286657
8,65293031972049	4,58062343090948
-1,08697691082641	2,35457991188258
8,70853857649773	4,2623569039746
-2,64437439041891	2,16458015012362
7,04495654713202	7,33654773171944
-2,18313725829009	-0,631602657329374
6,30791275089815	4,54229725701793
0,482211907756009	-0,407122879530341
8,08603874292998	6,77405766973061
-0,0322364000722697	-0,22124434347362
9,06837845082807	6,37745292242958
0,355732745798965	0,972618342932103
8,95569145095575	6,56700061298751
-3,23785453238641	1,15794293838088
8,40011950030959	5,52180237706307
-2,62662829141119	0,82249856631003
7,0466254838354	6,61278736555018
0,240661871898623	-0,994071033552095
9,6008378022086	4,61662954555306
-0,990089334133031	1,86506356155835
6,52739268984961	7,01019498267196
-1,39669140308679	0,644136652898415
6,72279559050845	4,50461322078216
-0,706904614232131	-0,939380152567928
7,97740397276648	7,02984662572414
-2,76569378713021	1,36826705604398
9,59531981443099	5,70960277611044
-1,22030590285947	0,219970869591331
6,71946698512693	3,65998624824292
-2,51849818717329	-1,09163159195197
8,57687445945999	5,74735114252136
-1,01417450424473	-1,27651524478241
8,65563263457444	5,20283625141934
-0,274861416774337	-1,16995347783285
8,46652045101147	6,79748888911515
0,44719717191152	0,996300798537534
9,31597381745585	5,66973253783126
0,415768797925897	1,03430789524267
8,73628710977411	4,10184658223523
-0,841435662314553	1,10486665629908
8,28751317277663	6,41052485719689
-0,281043226538603	-1,41117400159563
10,0700101462253	5,28254247140141
-0,505775111617244	1,7280868876372
9,8915290327632	6,10610896884331
-2,85582087732063	-0,15629874511345
9,05725121166345	3,56535069597205
-2,36317678311351	-0,894585671740793
8,18994274721292	5,45938930025767
-3,2139550483659	0,958927623205672
7,32820748461279	7,13945578267411
-0,574478122380781	1,61502931421453
7,33263066138608	4,10061119948065
-2,03647864423698	0,339451216583967
7,60620503937242	7,23999855974924
-1,83652551404237	-0,472600583874734
6,30569589773851	4,73621182071391
-3,45483098936496	2,13227083989709
8,27350932995479	5,13188808138006
-1,61627833457331	-0,213107648520252
7,05433299838709	3,51674968006748
-3,47121581612738	0,472528163426329
9,45581651751436	5,2322557665423
-2,15570555746748	-1,175927631708
10,3030298836874	7,45200355943767
-3,22184324243061	0,651293301640012
8,11998209023022	5,62553703337153
0,0014236469192257	-0,0856954969581265
8,74644834922576	5,41581408531468
-1,45699152948013	-1,20728841189914
9,21513810374423	6,59537383999854
-1,4491761641689	-0,257006373843653
6,5785327549433	7,49013501748829
-1,40471906062341	-1,18098319173807
8,24891897351409	6,81862128198305
-0,655059432931344	0,891704233653167
8,16043011127399	4,90472116612782
-3,10100133196858	-1,33387089453862
7,19769534558492	6,80716534650107
-0,368602042884586	1,34498573614161
9,21905187753339	3,65414803069713
-1,32786890737956	-0,260636697427761
8,49039597899945	5,13022544164229
0,130384549078626	-0,38753683421267
6,98904029645397	6,80356620771039
-0,224238970801191	0,286873068701095
8,26269655416625	7,47033493347284
-3,26595142015401	0,379866778716885
6,77470639238434	4,80528043746994
-3,47525389811593	-1,47151299812391
9,69783540230064	3,3726738091567
-3,20819307032393	0,467626212805669
8,14507777357265	7,27723476506076
-0,7069969052615	-0,509554473035235
9,87160404944439	5,31931677012508
-0,755025587698071	0,48486706255936
9,81393231004706	5,8116986995526
-2,32409216645497	-1,04896685529145
6,50623402962672	3,41591025498914
-1,52879482687098	0,537527706773549
9,20007644984203	7,54265644611728
-0,497699320260105	-0,511779574129541
10,5234625657287	6,41560050827164
-2,77582957777656	-0,37872437230729
7,12014550566628	6,51091868682704
-0,495039270542427	-1,42785034599031
7,55286860558732	4,1938669990625
-2,41790085209648	2,04575754259576
7,74205424137388	6,93361026396256
-1,2255361821452	1,16182839283564
8,89075313336105	3,46012949488325
-3,49287460312427	1,48002847323565
7,69690093704709	6,05660147099139
-3,13531033900679	-0,101533920188354
8,66063896813995	3,34143472167476
-1,5116554728715	-0,049120634600063
9,25215994111993	3,53428508582425
0,0953903778075462	2,30630008571287
8,33661660016122	6,76983606526514
-3,18900641732656	2,12728517257324
8,10038724761251	5,97778736990039
-2,56529736097651	0,487170063610803
9,45181804571065	3,53977067741114
-1,38054812793705	1,81103174762448
7,62442305302521	5,14123382580821
-0,762847383618321	0,691089965791257
7,81878524733154	6,21800701542298
-1,62306753122426	1,55041286683343
9,12226353272038	7,64475900029073
0,064544417884119	2,0152450412779
6,52776639416535	4,80447731933141
-2,83261565368682	-1,22399032512539
8,21090416209364	7,30999833046005
-2,74774267001355	2,15945557714889
10,5623014621017	6,17853678251815
-1,10710969427534	-0,420932689944486
7,49526162555162	6,00029508169075
-3,32734767854327	0,417473424755273
10,0866705390509	4,72734791522331
-1,24624329249564	1,15530602956632
7,36529149221729	6,02376528559372
0,0545371886674202	1,69964447039143
9,89689647379324	5,94395094731645
-3,10284833730456	2,26319050244503
9,52406143823795	6,37033984431429
-2,86964005032094	0,555606257035937
7,45612253831789	6,58569604665563
-2,56875591783841	1,48850837868436
9,38254668752927	4,67851853810587
-1,91495440570035	1,82332961401914
6,4362142650633	4,0726887209407
-1,22213793163508	0,151244161188667
9,46840503980656	5,76218992905942
0,219331290468949	1,68552036614061
7,14415272829714	5,24268149279696
-2,33502651436165	0,311641751156194
8,11230747355704	7,12037005447484
-3,40722447117239	-0,915571007326004
6,79796017541159	7,60171435376396
-3,33631259488538	1,54667545424034
10,37791142999	5,05446378224183
-0,688299708613863	-1,21583324876613
9,45487177573817	6,43504162835705
-0,33809257960328	1,1755797219559
8,79447171654292	6,14368702380687
-2,11018336823967	-0,678424524237717
8,14007355739525	6,69815146034393
-0,585701794190582	0,923509922406752
7,35324269780449	5,24780328573954
-3,25945857784041	0,910300791662508
7,94933889582188	5,43867224538426
-0,44637320422996	2,15251798579537
10,6507449288347	5,02105011733327
-2,38885585291498	-0,741399557013171
7,11699923427998	6,16185442958818
-0,500553860606514	1,47841217314943
6,90056550240379	4,11575544625024
-0,995738424123134	-0,105327367450672
10,3302780602749	4,00496037320296
-0,401213717276784	-0,678954016080877
7,02383243811004	5,99154685297759
-0,622901947293617	-1,14465368832543
9,92519557437639	7,05204628451118
-1,11321501362636	0,171587091988758
10,1099847388818	6,48654567157166
-1,76614989243161	1,20707421099977
7,12066398580152	4,96513716877337
-0,983123230346984	-1,49053285007856
10,1308809605018	5,81470779120487
-0,666336291087765	-1,43570752744324
8,48836505508069	4,68493876512935
-0,654203037761685	2,02825480848553
9,44117235663369	4,81943663875504
-1,93184109447919	-0,325184553902635
10,1563806302764	4,28762002069785
-3,23528597177891	1,64278205003028
9,23074808851723	4,09957600307604
-1,75673863289256	-0,267439627085332
9,42409762089477	6,19955082446492
-1,19714003597942	1,04955458079377
6,68947535755836	7,60900321899531
-0,606101405497176	0,786650381521656
9,36727087805958	7,24770787058891
-1,42556652697502	2,47839021865491
7,98976507550047	6,13238619623224
-1,81177423374898	-0,369526702866973
6,61114170541835	5,69282970322403
-0,146116029570035	2,25228450144477
7,46368351600525	7,63511129288914
-3,45687961380231	2,26934158716991
10,6572648045012	6,0781109877883
-2,50050347995622	-0,631839782431416
10,3654285556924	3,74557536117451
-2,56775931973936	-1,25878534295925
10,0579513954256	4,49185615491625
-1,03758334410146	1,40260716501222
7,95677730734401	4,98172448143377
0,151922983604208	1,51946533450962
10,323677247527	4,25749001340642
-2,91360965007173	1,58890940912967
8,33424415714145	4,98833145049182
-1,16517567485927	1,32067856002603
10,672756070591	4,19258761577682
-0,524910397783817	0,632262242685127
8,18647678104908	7,43713303090189
-2,57459393420009	0,0670614668102858
8,59986748791708	4,85435829738938
-3,23239039495637	2,26938058383767
9,70294455321021	5,51805139846307
-1,90048195005912	0,665929036877393
8,94529035359455	5,09144747106643
0,0690692010785328	-0,728303161274466
7,64480600991595	7,16052666318827
-0,0190019282409377	2,06623195159428
7,24608927013527	5,14581060517566
-1,34788471772928	2,0536286814068
7,96172503269417	7,123547804018
-2,93443340252809	-0,472818797816131
9,51553674684077	5,80489932828656
-3,15470906846028	1,86511190124122
8,96828164256991	7,04716501135803
-2,51362084847007	-0,968518272005734
9,7222840001262	5,3335621471063
-0,7482994474578	1,63493672534577
8,34355731581849	3,76051548122496
-2,47522807554763	0,798448299166152
9,44051938200282	5,96809292219929
-1,42584731796415	-1,02416859499299
7,68766493819731	6,58154704759657
-3,36271075843171	1,53525698493881
7,66474696575211	6,28421455709362
-0,528308160693542	-0,975807443232347
8,83211345787921	3,79869457640599
-0,664049503183925	0,474666448734807
10,3666967638424	4,70235746738221
-2,33652751605142	1,08104057211206
10,169375591327	6,35630560903861
-1,06549352427885	0,853265206887234
10,6799641498877	6,26402906880781
-2,38799839205435	0,296326364931879
9,45173199779229	6,32110722451899
-2,79429235938146	0,526372072710851
10,3766197846595	4,19493774686241
0,348057042345604	2,12072338921539
7,35760735061335	3,71101341662004
-1,83660223575101	2,2997388820216
9,90450702319955	3,79095834505716
-2,70724584102566	2,35350754249012
9,53438447119482	6,47107768182058
-0,336802217775095	-1,07032211827831
9,00169169579712	6,11305232249723
-0,71361136291741	1,83814956570802
9,01612161242768	4,76051908103667
-2,65964533839087	-1,17618449709854
7,60851175748756	6,41639248259803
-2,6432285156585	0,535031813195102
6,70384939049058	3,57396551550667
-0,65214091949876	1,22564188448066
7,52434280608824	4,92997351098789
-2,83971615255716	1,84039855687
6,56782863942935	7,59330144853918
-1,66621953649784	0,460558848085639
7,658119096117	5,0062990986951
-0,357347732176867	0,0138703472024377
9,68995718146146	4,91774315081521
0,272268572648035	1,86553125775352
10,1941210474584	3,586304306593
-1,45093269129032	-0,0175286157818144
10,5554104753231	7,46753126533201
-0,977729452532875	0,933407749414219
6,56738909293601	7,06737747769318
-2,89909415061154	1,94597981080352
7,31501364871652	4,14787993571111
-2,45717089965003	0,631570460841777
7,25163352120094	3,58118762191396
-3,28457538797239	1,38171370373448
9,23490620932541	7,05030323100472
-0,188349863135986	-0,0981874423943143
9,4723487715183	5,73458243148518
-3,20314003660398	-0,41291957003624
8,93103402665564	6,70685434485169
-0,483425624426666	-1,18170780276264
10,230363327116	4,54340608282651
-2,92145922833486	0,502830889787292
7,17358934584004	5,01225702670085
-3,04290794484398	-0,688217151690489
7,19121800359738	4,00884414620855
-2,16996666961761	0,17407725405531
10,0096704091206	6,98048060996138
-1,49423529567312	0,246070224328349
9,94928070100867	3,69583741845658
0,348786599056222	-0,444466677242789
8,04478928861861	6,52443515348035
0,14915349881741	-1,40920842360555
8,47228816609841	3,78391587008528
-2,52195217242065	0,264333275889154
7,25582075763333	6,50013920177994
-2,69421524776203	-1,30844754918897
9,11756477704063	5,77222981442549
-1,26042643446182	0,320806236064481
7,79384002259533	5,76146591813177
-0,403628154324171	2,15568703003377
9,73993927894334	4,20351149475341
-2,4537457156864	-0,369072804903115
7,31223828287096	5,127846577026
-2,3202635015572	-1,14634383010572
6,99668671421438	7,37557778629973
-1,83072205530959	0,491814426186632
10,6559434137114	4,45482059681988
-0,999717832731473	0,0514021043500654
9,96228467190915	5,67906709787166
-0,0248591304786499	-0,0902494157139042
7,26902008568523	6,72973908259268
-0,0968254368839716	-1,34929012921303
10,0603602843288	4,9993130020995
-2,69036690369604	1,5006209261591
9,98974704340397	6,19815642724086
-0,902964586846546	-0,715883757995932
7,05215265203323	5,73322586756268
-3,13155086523425	2,32620816150347
8,09881912295303	7,18370434329439
-0,408707207494759	0,131635945481748
9,15129603403847	6,75984844043148
-1,40138333020518	2,11504918598197
7,70684959640049	3,49750466177371
-1,20293854895974	2,35889726137186
10,2872591417406	6,04708249567295
-0,623036003614107	0,744694904543314
7,2651018157791	7,52805288878616
-0,375217887840524	-1,11589282020137
10,0623748519075	5,45421736957207
-0,334949770497577	-0,368650784435808
8,14663650933099	4,7368829349132
-2,89347275575864	0,51186914872371
7,51029023697103	3,99344825001649
-2,84996267249789	-1,03813658786195
9,207919931726	5,71428143109298
-1,238799012349	0,916819190741107
9,614777805428	3,3270866661611
0,293857184804732	0,0886578125987123
9,96421721562516	4,42553854512114
-3,41133062428268	-1,24926104050935
8,03977922753125	4,99790066467999
-3,1483074943708	1,90422730899958
9,29011824244382	7,10638593252541
-2,36873361394439	1,97074648952305
6,93399844123209	5,86491109854354
-0,796666527782315	-1,19308276890442
8,51201775423964	5,64093515532572
-0,246107857916936	1,97875344899824
6,69410205547191	4,10995743383112
-2,04028029426097	2,41607683116733
7,44590206438596	5,79669287614937
-0,254725718735406	1,78727870253479
7,47586334497135	3,99224750636254
-2,36664829747363	0,194707090683989
6,44384049971174	5,20755923462416
-2,9733131213244	-0,675020813756155
8,39416723640976	4,84721083868336
-1,46448691784513	-1,23492783704403
6,39857826117467	7,6682058356984
-2,85508697115656	1,7618133274657
8,93229751252278	5,09804617819767
-0,316636020650587	0,747162470865432
9,89198340971741	3,88808841242788
-2,14169438228954	1,02947497112572
9,11416170249879	7,49502776678873
-1,7906946748421	0,718280513308963
8,67260451153559	6,15520563684515
-1,72164950384396	-0,936980829051806
6,90417663446435	4,12056948716236
-1,19552892501182	-0,853714459536971
7,64422194132369	3,94216984280616
-1,50005499063214	-1,15907159832556
6,38636753036938	6,52876978719743
-2,16317992882627	-0,609762837503966
6,55676159262227	5,69151187801416
-0,858691549392595	0,605533001853086
7,30360927732397	3,52485305236947
-1,55812900547242	1,08199027614149
9,98466622507915	6,53681495502771
-3,01547250523457	0,374179860803312
7,58302806487576	5,4093556072347
-0,556167431497066	0,464083409763591
7,86646584396641	4,69047624603632
-0,578328378685504	1,43796455114796
10,2016849498036	5,04744287643836
-0,795889069742873	-0,625720271537282
9,93699467057466	4,63664735530999
-0,490460127081825	-1,02491633499601
9,24301454414993	7,47265957612284
-1,93657538035358	0,480929017381587
9,20646100203309	6,35709435802573
-0,876019442889788	-0,802168983544819
7,54377493859934	7,04715792155814
-3,11428735705759	0,7849495254742
8,62451130458633	6,37660817290544
0,02975161212431	-1,07723685523165
7,14025722173848	5,54025376965305
-1,08825440440794	1,55992297940238
8,0623145352937	4,85593038127135
-2,70655571124207	-1,37066832033597
9,6757911501489	6,49746768274193
-1,325590559002	2,13738406191447
10,642739878214	5,2351869199909
-2,95089166356253	0,830448778624172
9,26018729947532	4,78561551336402
-0,21225198089206	-0,785375632231735
10,4759353822559	6,93707502639224
-1,24038902036593	1,16125276615138
8,55802337780581	4,95607295462498
-0,00418079367246182	1,15905627664116
6,57445307422961	4,34089267632711
0,213276122396489	-0,106447981566008
7,50383238431136	4,86343302473043
-2,99989136614308	0,56049761194314
6,5310031338176	4,95667722138849
0,122102645848513	2,24257471960246
9,74930475980922	4,55673251412187
-0,8322068726176	-0,123840161071764
7,88826695844645	5,85199646162416
-1,13547248761735	0,881013526714598
8,04194561919153	6,18045268683903
-2,8595348260298	1,52425378408566
9,49590187910012	7,6972314484676
-0,255658197979246	0,320851707156594
7,81004983099482	7,32420922786557
-0,798459502029271	2,13146329562808
7,68132945304058	7,3053164820278
-1,66626044066295	0,941277510514158
8,10646531733169	4,29260194851448
-2,01366476097456	2,18071434505039
8,20092261347407	6,61807353228249
-3,38073357136674	-1,42802209006052
9,89828736439331	6,27825701974173
-1,95435060732076	-1,44926093567316
8,20295543641841	6,00307691030813
-3,43967513342884	0,471166615378065
8,05207042985943	5,48519970472135
-1,17728751436816	1,75263338489763
8,10407975894974	7,32759165187032
-3,2595566460312	1,43953261789185
8,66318207206743	6,64723077020826
-3,40682243283141	0,200701626513946
10,0618392231821	7,10704947525532
-2,77500081308829	0,339209418551103
7,18126198432225	7,42619286292419
-1,49866635603924	1,02322922420085
7,57150213306065	6,33242685384101
-0,523826706630273	1,78540586311041
10,3201362982618	6,94305659014179
0,118460055765504	0,559306412640363
6,33057241605565	6,0775887034629
-0,530022680712854	-0,310947918468949
8,16027703723884	3,53370766253077
-1,19727829807293	1,89133449581195
7,89478935562828	6,5246866545059
-2,19568950658124	-0,815990524551119
6,90414113526689	7,10003110428695
-2,1275829297672	1,59523663501348
6,71414014240273	4,28284958638255
-0,749655461095499	-0,514676995500842
10,5163327799033	7,60573362922332
-0,999984011548129	-0,554342186721903
6,40667865224854	7,11199982400025
-1,56724495146123	1,51342119217858
6,83778001454547	7,05410275265749
-1,63902666736517	1,47348760933782
9,35385319956196	7,03514821662273
-2,96249029505349	0,451990553657956
8,48321272242762	7,49988708231382
-2,46756050920311	-0,0700078259355217
8,08733465466503	5,76926406291675
-1,32924186600004	0,792818531347141
8,28410335715741	4,21418503851236
-0,387111076319101	0,957100828142819
8,84751953165999	3,68368607016057
-0,217315975493862	0,448645654496247
10,0334966501859	5,6535397482183
-3,1303099915211	-0,0188083520340299
8,34460527463141	4,39559853613961
-1,57871127412379	1,2775526178709
8,09275780797318	4,24395794176835
-2,99882747238836	1,85521437340582
7,41527674033719	6,32747349178229
-1,5237456824652	1,62529922650375
10,3173059219403	3,60103489663204
-1,64504264652733	1,95986127090317
9,6466161667656	6,39555979353609
-1,96843009031182	1,31048492063625
7,772725994707	6,61213365913736
-1,92240452606814	-0,0228528851137084
8,24176324540351	4,97040888208504
-3,32549066251734	1,46341530144806
6,82292832707915	4,03946539273721
0,214327688664892	-0,762526110603554
6,44926485071614	4,90381137714328
-1,60805383504947	1,16610450871725
7,26598055733579	4,74847112515823
-0,942916551847239	1,2003110558378
10,3823043201225	3,80439933567637
0,380717753867914	2,09274272711388
8,24027071974558	3,88884230056803
-2,70653219863535	-0,967695091352558
7,26888576849304	3,47412935341965
-1,62891697757809	-0,304842118059337
10,5826308226493	7,26414270836803
-1,85395173376948	1,66628884645116
7,11371926970842	7,61104980579264
0,148649213328717	2,01220673509393
7,81525651100524	7,21568805429151
-1,64926857084789	-0,910819647051138
8,93119353994463	4,45623598687259
-1,73426620688077	-0,0908650109047104
6,55505056997096	3,7347218817277
-1,82589131645514	1,47104077123718
9,41341561375984	5,97434915237737
-1,40601473708658	0,926689399158232
10,1623059598526	6,38739345346913
-2,50909116263501	-1,1772761111221
7,53536247033908	5,57676460434558
-1,19305960435455	1,25132376959911
10,2042431154146	4,59504917657335
-2,00544421791754	0,342520756902922
10,6720343629227	7,02322533405309
-0,626911360677272	0,866958685452447
9,61331545016157	3,94160304948693
-2,39809533775598	-0,562351839003559
7,28328750349349	5,5236117364844
-1,97937934159855	-0,203210697728839
8,66262789881452	6,8278582301878
-0,111007723412928	-1,19953377764625
6,57973030887237	6,28004677941336
-2,26169515187694	1,44618010089055
7,18772525064885	7,67630103984584
-2,63502278388749	-1,4600675257667
6,93731244897978	3,98901854750157
-0,80676560351072	1,86655725878677
8,27276297428823	5,20160354836037
0,468517228581872	1,26347909924626
8,73836741120234	7,11593367319353
0,00772725168569588	0,538202104170969
9,5756877611204	4,62514497108242
-0,302170409356998	2,39405294282837
9,04154197175092	3,77631767141177
-0,984778200027083	1,99620914657181
6,79808926189911	7,18472045320734
-1,59201176322947	0,301259081713191
8,58681617315427	4,94268392284326
-1,03107719341941	0,304385068421818
10,6153511626838	4,27397046291494
-1,09392440777417	-0,873557571355082
6,40756228542738	6,35281894323178
-0,114111280007411	1,03670065804477
9,26990232393263	6,55452339343459
-2,85595285984026	0,0677237356253024
10,4233401141624	7,22804815026247
-3,24463067593499	-0,395745614085113
6,54093411366003	3,3908006313902
-2,21213065865273	1,96879200051136
9,76723876640758	6,25289226692436
-2,21764746432203	-1,09769191974695
7,01352502665848	3,83596752370295
-2,60565868842556	0,246362747341977
7,21255795782738	5,74690846973989
-1,1888945059171	2,31085661942647
9,4262608976926	4,57672501702785
-0,628479636612872	0,165798206200674
10,6674158186902	5,06619406126875
0,121211898403717	1,2610687027421
7,72300181290163	7,29608587464282
-0,0546763994402455	1,86931522505621
9,33932350836646	4,7313830163963
-0,163855040279712	0,803495234234446
6,35838753606202	6,95960533072765
-2,49186168741331	2,36657073866885
10,4476597593835	3,49587888917872
-3,39147511859517	0,44452954434565
10,0342759831975	5,18593370830793
-0,416359319123393	0,228239633719413
8,93579622408348	6,27534431435592
-2,24256213412893	0,14056863994863
10,1543526417319	4,38968003028002
-3,21510146740736	-0,324951519970714
7,06005894458781	7,65760021610679
-0,142658218659565	1,55346058759376
8,13330044514692	6,34384015418251
-3,16390811955548	0,136398512511239
6,6651236009158	3,54362907396115
-3,05640818895553	0,700598769672414
7,34306303571729	7,5775969910174
0,0508309627052448	1,89036297809761
8,91181555752014	6,30906133959399
-3,22151687414821	2,1059802378885
9,31351630753308	6,8649777409317
-2,869430307335	0,19710981646252
8,19511389736567	7,07518597021225
-0,211957292891426	0,18616175082281
6,98442967705226	4,83154827513396
-2,65212387040251	1,04176421820084
8,42196907193491	5,67209113284525
-1,14177063395598	-1,09363375710512
9,67455944374536	4,54824289075541
-0,806099067021753	-1,01515338827101
10,5662918564028	5,21784648517506
-3,35490679389532	0,346520805574096
6,47981761746157	6,83995404810101
-2,85836456191847	0,78326838540877
7,43008725853238	4,6646350377444
-0,00674851774560947	2,05093668251162
9,16031054849838	6,26219669203333
0,43323576232433	-0,882368573616951
7,54527336200242	5,90200300791272
-3,23285298505959	1,85875645916995
8,03726544603626	5,56232827619686
-2,42501768171425	0,0931735265539389
6,4656939502163	6,78627245233604
0,0253085630286596	2,49639903867477
7,31304965382487	6,94883363147552
-1,48246903344608	-0,750389886971854
6,42926301181449	4,42903646696654
-3,34658562415576	2,4153619245176
8,09076114095256	5,14562009286165
-2,82274995385326	1,17367112423995
6,95722051498802	5,41862909990026
-2,10898458325036	0,421140431664941
7,48489851384868	3,32477515773983
-0,317557148625756	-0,515878631672773
7,8251252015993	5,90864567300874
-1,8056301255227	1,7149734082673
7,37389895346244	5,9762571627264
-1,52376343749499	1,60782631636378
8,0628936760305	6,37389376908235
-0,395109254125846	0,215337341194976
9,09635402584355	3,69191979688978
-2,08464159944169	0,90988954399337
6,74161242642099	5,71799865761078
-0,730713083789849	0,534281376203172
8,12759636261364	4,36868060409554
0,170417647944003	-1,29460964905649
7,7232443437525	6,84864001435005
-2,86042868843805	-0,446525075017934
8,88714794094823	7,60207567308906
-0,435600094019901	2,06177676574131
8,75587451587149	4,15380440817276
-1,45716911676019	1,8134109358344
6,47537723734872	4,24621310413917
0,389565315551099	-0,22330725818381
7,57536697801145	4,57618249169392
-1,05166709358731	-0,864395733450198
6,7138941577831	6,78745603437336
-2,87826883122435	0,946314537847943
7,26352936133999	4,06195358258187
-0,0231460279969973	-0,825720569803691
8,0841068848891	3,88558052465426
-0,436212435358608	2,45334891163897
9,90771498745863	5,64275970974509
-0,470317558943143	-0,911699117681465
6,81346190986568	6,59704026602025
0,358523944388094	1,61763257509452
9,65466277750047	5,67799909406949
-2,99592842791256	0,399966663808252
8,88437198095222	4,67892016779311
-2,46401811599129	1,75463967462967
9,52703504873421	3,42097654610167
-1,13409518831729	0,275705192145331
10,1955519357096	3,99350260387232
-0,268062705992126	-1,42854714395698
7,93726102580529	7,6745511274922
-3,39584252783474	2,27155316606914
8,88063555851683	5,11197932745353
-1,05550758904428	1,88885441348619
10,3477141214651	4,87520271762917
-1,66997462595808	0,894398893284271
7,59933663700612	7,16429706745692
-2,08620467086575	-0,668633854433736
10,3702843358127	6,59721968152464
-3,46056545723227	-1,47447146680596
6,8686269079721	6,89122280000205
-2,71091414161906	-0,712556384366042
6,33452959251207	5,62213503608266
-2,969418173818	0,146997252339205
10,6510059178085	3,76349455176711
-0,479541285583742	0,480369343880833
6,99405892308193	4,22411880924877
-1,90601813253854	2,05016099089895
6,8007442124829	4,88897862557254
-0,106749868271084	0,249322911252218
8,20929453053334	6,00286269135533
-1,87901112202367	-0,0996878267704937
6,74143920415627	6,5839060663316
-0,54419912999114	2,40882025451143
9,46740077250416	3,73269032992243
-3,0113026915954	1,50291410460721
6,65591409321505	4,98089417794133
-0,650873630514241	0,702374809708917
6,58075342001714	6,81241126693942
-1,59104674399039	1,41999269997835
7,41133174848229	3,94920465691359
-2,40826025736704	0,961778348610952
6,55790414061802	3,73165510955382
-2,47839556337418	-0,260274986139512
8,10846633959238	4,65486553964293
-2,73472570366696	0,82481789101689
9,28352848692289	5,21705694388915
-3,38318971641315	0,839163308983352
8,91577690220678	6,44302182699133
0,226120186064505	0,436705862645911
9,07172316663387	4,33835600930905
-1,95654014239105	0,0316186194463373
9,86736706519172	6,92296017794038
-0,798186276869699	-1,09200193439719
6,81094622453048	4,54923081946343
-1,87693159860917	-0,0846460054069054
6,38249587634115	3,99932599074806
-2,48784662468047	1,30529907507084
7,32842498586277	5,17916415996793
-1,96150765971895	2,44986617592443
8,86407473055258	5,6743119169871
0,118933636869304	0,0366762398875786
10,3839753746296	5,76767656202157
-0,932302500456047	1,6593972981238
6,40983920325746	6,8228214228033
-2,17063649496941	-1,4346564248767
8,29988233132161	3,50891991414573
-3,14227879159173	1,97989323188207
8,96188783723182	4,77212181084511
-1,26856361085252	-0,75101080558012
6,63414866086093	4,00070760756879
-1,69514236969207	2,46708092976295
8,4612997584612	5,59925909511404
-1,39263907023077	-0,112271190490095
8,05997236210184	4,84348705450638
-2,53186416536223	0,207645545395433
7,75939270127376	5,57471956981188
-2,05489035634428	-1,44983382828921
6,86581439326325	4,61167734828239
-1,91698378120291	-0,274602824467127
7,82456214275245	6,14247445045033
-2,30260927785884	1,91057910145331
8,50692921308397	4,78746985218777
-0,972029989924018	2,13298945547409
9,75283059663138	3,30433710609408
-0,668992097498021	1,45404624500503
7,68416609999246	5,29445457466169
-0,33459497670355	-0,976741951682767
9,11736976546873	3,60773012433337
0,310524758281173	2,01059077756258
6,52519968140571	6,06120059341192
-2,3741648628273	-1,09551252728899
10,2513182741244	3,60439417934757
-3,44793194154001	-0,847117425177189
8,05148125864591	6,3377776382533
0,468168171811618	-0,642249307232232
9,29171572368406	7,2551170490713
-0,842968843662308	0,680682222837156
7,2954554724459	5,34421000594126
-1,44276206388854	1,55550170593166
6,82869624918081	6,27631061163754
-1,88089445838187	0,901922305722395
9,33040076814141	5,8211650440077
-2,87081327861952	-1,3534541667042
9,11207869951894	5,67632375677604
-0,457769195543847	1,19697397957762
9,47921721857177	7,39370267354604
0,495222566788392	1,26431604620118
10,5702303663815	4,97773037390848
-1,33736024994277	-0,81257509625437
10,3364279179702	6,33516980390283
-2,75670267165222	1,76278799778607
8,92778541943594	4,83133647142893
-1,41775378192366	1,57118207610097
8,52148231926257	3,77378411000843
-3,4890436906623	-0,9746211657184
6,37703488499538	7,0434203038612
-0,441648344634361	0,948223255712696
7,43342844696231	5,05470276304451
-0,894337266201769	-0,866730950149548
8,14502477776596	5,71786247212735
-3,14654301088974	1,42465554043414
10,4640321627845	7,26712254532615
-2,16583737091779	-0,783880500829663
9,35549509402537	4,62490363342873
0,142261735639808	0,49246003914063
7,43161883365563	6,1690796826051
-1,67799933236595	1,42938602525547
10,5585566880179	5,29483245386
0,0123517003541616	2,15404840984399
9,16299802814336	6,27762812563419
-0,968715008796233	0,289343239922864
9,93167598266236	5,25786877083417
0,0476710888650453	0,163749913825529
10,6177701417056	3,63035296709671
-1,38957993782706	0,666988683219163
7,57952704562249	5,29027957937745
-1,81206823914098	0,567970853645778
7,73035483830823	5,10268874351475
0,361375490181191	1,73019025021495
6,82961552960153	5,80884004371511
-0,262828426582669	-0,329127150889217
9,69795580641852	5,76568740351375
0,00341129964290721	-1,21777780619455
10,0055240312634	4,93695932434357
-1,14975598633161	-0,840444077298526
7,43864395196552	6,18065262978612
-2,35239470579047	-1,44143826251581
10,2432769192918	7,01812929850735
0,102587497194014	1,65264958649618
6,32801224741086	5,86113217246081
-2,69402509183423	1,04198635388696
6,88469182729352	7,06605869003509
-1,51598131124423	-0,172605572681532
7,94264634322102	7,5710436900875
-1,61140867826839	-1,08071300693683
10,0175029961556	6,92649884499068
-0,0916277004990271	-1,43201701224062
6,6231880445065	7,59162708911182
-1,85635573064096	-0,32188071448398
9,19586024655763	7,51777126579624
-2,05853530805487	-1,37735919300425
7,0861808594916	3,96755688660183
-1,89654157983943	2,48597882609465
9,56761442853074	4,06983648349105
-2,7573685622473	1,89488538650447
7,79991201915218	7,22128343150399
0,371918588821255	-1,43466223475436
6,61978370618696	4,54434478859858
-1,55042751931601	0,877377022750775
8,51802899987494	6,70105039515672
-0,665209415413309	-0,550006044987467
9,47325759717737	6,3218168231023
0,288585354029854	-0,0985649277386638
7,08507905075236	4,43417717800357
-1,11182259953253	0,443831947781145
9,40266173744235	3,32087522635523
-1,26311295312828	0,0556992599720818
10,1632251494258	7,57915077052499
-2,70262064610835	0,981422810256313
8,16211229370434	7,52031634505465
-2,68020935531651	-0,166166908218524
6,99550582702094	7,58947012616871
-3,25756499622485	-0,366424618853506
8,17844099349648	5,96831864408091
-3,22749409706705	0,968641257125468
8,62435122451763	5,72134717847333
-0,919929456291265	-0,334977148651734
8,2559215228825	6,15937933478129
-2,09951454696998	-0,117098768366042
8,99605717196105	3,75414411653555
-1,44166659928234	-0,810527247819807
7,50240278046151	5,35051061759167
0,445112729768165	2,30710237470316
7,24365388873391	4,19649832954324
-0,624205122219299	2,42814952116441
10,1822813365211	6,17994757019607
-3,13845556364158	1,47144161278597
6,3500161450739	5,84796055267832
-3,06559337644406	0,146331015375342
6,4728115664099	6,2206459513858
-3,36194104991343	2,36594647364963
8,74258418555782	5,76298618577302
-1,95944374419886	0,979314721409063
9,16352517081303	4,13352077489814
-0,388040671838003	1,98405667489708
7,16420043895442	3,57694966161324
-3,4992316603999	-1,03312467107574
9,81885074177019	4,43367202576582
-3,05859147917611	-1,40276409108761
10,63282454469	3,72430770623442
-3,08415710403634	-1,4931338247442
7,8488635379608	6,84253891761018
-0,623813160256547	-1,2188212518473
7,70597089738405	5,07657151802002
-2,35626451813392	1,10364519072091
9,63731198874393	3,92319631704441
-0,795289353808231	1,3379626630645
10,0168591735981	4,44661547461945
-3,16691428551853	-0,116357469978441
9,74883295620575	5,71095111738099
-2,18590204195588	1,79035085827747
9,19759367156451	5,03005678664725
-2,63740065111843	1,67742558457224
7,71598698671726	4,65935037929828
-2,87931443330252	-0,128325391598822
8,70613918645882	6,29840047230305
-0,220432760957298	-0,196094502212012
6,91676050942005	4,56798778037666
-0,680951666456722	-0,921718884368683
9,63799601059446	4,95350080244884
-2,60374121018939	1,89117761229836
10,0640612172035	6,37937558719527
-0,880213685898531	2,07031539064257
10,1999808373461	3,67790543687812
-2,90164721546542	1,07380674133478
8,53079720121008	7,18265512080101
-3,15175707581672	-0,519230268797172
9,16782152524321	4,69746019165193
-2,55230041943049	0,8443623807522
10,0583634559156	3,4350225453188
-3,32421369570883	0,442440262801834
7,79226696972116	3,33963467415212
-1,81679224772555	1,8074727272137
9,27643353374949	3,97612276862849
-2,98936612157703	-0,586228269477792
7,71754089375276	6,02374288391362
-3,03226314038528	0,575288106294728
8,84582671654353	4,13797000358666
0,296917992406857	0,263047218662448
7,15356544559306	5,77825291693871
0,392055914958977	2,25671545489441
6,90129923031631	4,50022136003586
0,109069373857702	2,33788946500157
8,39995911232172	5,38903173577107
-1,34911365338001	2,32716094965811
9,06080047238311	5,8855791456594
-0,113560760581479	-0,332979896844454
10,3026314455168	6,9158489980429
-2,64351247500743	2,14138693659512
8,98353848021077	5,87351191592517
-0,866298499594462	1,56688493517649
8,31797762316183	4,08877731675625
0,456368232873003	1,74849458304851
8,94075074760005	3,61169825364137
-2,52317584781919	0,212847194660868
7,78289021876281	6,88800627324979
-2,18062312250819	0,158452974693045
10,6345648270512	5,60810222303157
-1,40054020724742	-0,111050975431978
7,70653524333087	5,93119220897994
-2,41571817479911	0,0911920842486165
7,99777114068662	4,57732892360362
-0,476158272843993	0,427181338796796
8,17087868910086	7,20718079540061
-1,88803000500147	-0,148687862446822
10,3043633328367	3,80179650844691
-2,81425574595269	-0,713571658537181
7,25832850235702	7,2371419914984
-2,71839265428008	2,03191306325576
7,08556395973175	3,48204181782692
-0,112976393401774	0,335592386354977
10,3156096455982	5,28797431109802
0,426613383150746	2,17856222757142
7,17273870543225	4,37079025204377
-0,535097530846717	-1,29303873680701
8,84964790696135	4,4300587363032
-2,73064742145745	-0,926835874915366
6,43532169211439	4,84887664043232
-1,68650697181453	2,35614193761893
7,6980182612145	6,02786513631141
-1,68242282353968	1,99666793506406
9,34138151870351	6,74906021707926
-2,22304775909602	0,0217992356900534
9,04742806859493	5,39852333734714
-1,50954823706757	-0,63404918604363
10,0451950888818	5,589324366949
-0,665965677695214	-0,166075060001426
7,0783804835301	6,49516199529887
-2,42575267132682	0,321326951691503
7,52742158316908	6,55621220506242
-0,896935755659064	2,01987835419347
9,85640230992791	3,6521467707856
-2,23582083939384	0,224123643804029
7,58710412046919	5,27478503229335
-0,517184544172106	-0,54760901130699
9,4000418643284	4,86541978621245
-1,04632169176471	-0,774792289845741
7,21092858045128	6,04423411415439
-1,33291796244287	0,358261104771674
9,00429786847212	7,3432366992492
-3,24319243947388	-0,995385280262903
6,32430268266239	5,41589725573964
0,0512881683170772	0,945548154137126
8,07655927106122	4,18868180077365
-1,96682517586788	0,433459462094846
7,94210549582134	6,33924309367109
-1,96538407527048	2,46606245021994
10,1885006609814	4,29226369005342
0,46363866069174	0,33394090493717
8,16246406692453	3,64038068600558
-1,37899628072675	2,27735181858133
7,73599212284213	3,92515487515594
-3,01978943830868	2,15003359323694
10,2042046634217	7,48320844735147
-0,900681433144762	2,07011634362277
9,82067809319265	6,52939692136337
-0,782508996738216	0,202439584660979
6,90864942463621	4,45047166253507
-1,06012938911031	2,46946699304414
8,12224932942926	7,43399243911635
-1,42485405087562	2,36961252763577
10,2208389398226	3,74020281084744
0,365272619474648	-0,66858022176478
9,11610388297302	3,68905145150391
-2,15963778708144	-0,292136036142833
6,77890711224647	7,35266788404288
-3,26340800354797	-0,259550971661449
10,3935959403414	5,98021529464295
-2,23097268314113	-0,979813046340343
10,543281964469	6,97479893059783
0,470657205561453	1,15626478353497
8,64646835379982	6,73445168921419
-1,0474367970149	0,473104062174461
6,69987275612965	4,83500101651862
0,260589766177253	-0,912388988253843
9,66330155467166	6,8844090180504
-2,62669058002808	0,397528854040409
8,35473711911227	5,62618804429841
0,149357044953939	1,96846060620834
6,64413455854555	7,13081251713231
-1,17185243321927	1,82205794237142
8,62201186636337	3,96952390795109
-0,871720002667769	2,18394926571596
9,89770608631097	7,12931150900865
-2,76463184233491	-1,05713271869302
10,0308412999607	3,61907222162981
-1,94458355155151	2,19249337511632
8,75496700493467	3,82593107702575
-2,29522523806203	0,825632001891441
10,2616736072922	5,26884753971636
-2,29735776788834	0,860277291071725
9,48273801389485	4,44410139960371
-0,925051567063013	1,63242075031285
8,25014630496526	5,85993397711269
0,312679281795176	1,99619897293131
9,22464752843441	5,50244243244853
-0,242956607721317	2,20540831537283
6,51188166520425	3,99894475158515
-2,75809509702392	0,192233198053599
6,54159604423841	6,60579391161232
-0,317706586643117	1,69600218493302
6,30478430505572	7,30402793453815
-2,3519150532894	1,38451908572587
9,86662281150294	6,08516684407001
-1,98743826959627	2,26820329855502
9,38224714671027	5,10434265519223
-2,62026387789458	-1,13838332362186
7,10760771051041	7,62480510105412
-0,525756791833937	-1,13267392215744
6,63812621302076	6,90885286804711
-2,41728117242906	1,75057374390449
7,01826620465059	5,7741524778422
-1,67178670591502	1,57902310436225
6,91934098537366	7,21671213312249
-1,94563933177951	-0,684387843694801
8,73745039710376	5,25034893067459
-2,27515133034005	-1,45689077982009
10,4017583219785	4,60379822498769
-1,79803237262886	-0,717258239149045
8,57741558183257	6,70816109369855
-2,97557343165819	-0,171769058536236
9,67762833723527	7,38550203283862
-2,54130391865217	0,755887793958674
7,22391052856308	7,1175324257235
-3,23555167852655	0,983118203961392
10,1676697683876	3,86094467208488
-1,28781013633649	0,095747811157938
8,02136606755516	7,36719674127066
-2,52712714040106	1,05948174496655
8,11625978520262	5,51135239300014
0,280525439391403	1,44431383973342
8,77070962633437	3,3978800704812
-0,602306069328204	-1,30698444253055
6,41447377698724	4,91004822406539
-2,49562192797956	-1,33267389694383
6,41253125459661	6,72516040042866
-0,608726548095072	0,542263567310667
6,55836438087043	3,62720919276712
-0,171079031830383	0,724304256043113
8,1042140739888	6,38751636641741
-2,79667050065584	1,28430497249926
7,91496489297064	3,92861835437563
-1,48708050396088	-1,16669434668139
9,05029564176818	3,48662904693485
-3,19065415208337	1,65533622091097
7,98832301496658	5,38812328129637
-1,84369929074459	2,39995434489226
7,57494556982671	5,43305760344579
-2,56958784350613	-0,0334756676481258
7,12645491386355	7,11236469680144
-0,690718908528461	-0,128346334291371
8,75762791054781	7,57570207372029
-1,56654196611761	0,903558604503464
9,27485148348485	4,32049083729918
-2,52930827037518	-1,37113909646861
9,52831494731514	3,76784671973112
-2,0629406014115	1,90455017406707
8,94290515078949	4,85812834025919
-0,0217084648873627	-0,203438913724737
8,62969888575776	5,71615733105538
-1,32005547879186	0,171593710087657
7,66802651688866	4,00277283101719
-3,04141445686172	0,711619455124102
7,94651034827025	6,46469126176734
-1,35095058020903	1,92404544422433
6,59987489930568	6,58530210257738
-1,33534318784702	1,32262731366287
7,3146980229286	5,58219541635683
-0,773817307226485	2,32371259963724
6,85104709898303	6,53029717109461
-0,470925922497189	0,96775312242203
9,83894619141943	3,83224531143998
-1,20458294051042	1,45573199080789
9,44879016784747	5,48380819584044
-1,8747449794673	1,98555121193768
7,34996650787105	6,73372073313321
-1,73864330740036	1,84518144651068
8,6848048845432	5,90772256874394
-3,05255969931438	0,0631173257048703
10,0740443491817	7,55469935328679
-2,16655839276892	1,6452038362837
7,39986393292472	7,00377132350676
-2,4758405792887	0,553147708376243
8,86390775418963	3,55661272123462
-0,827696050094271	0,085337125938993
9,00133632969167	5,25140020605216
-3,48394231712271	-0,97631820370082
8,18343852745698	6,10260756952168
-0,106605954378352	2,30811043408886
10,5067622765504	6,52988105664589
-3,06853852404308	0,832428774730075
10,2637966523566	5,54755676711134
-2,97881724497991	-1,01752629142839
9,66346733449698	6,80051461268414
-3,1979700472668	2,00583477910107
9,47313854096297	6,56423574302086
-2,49696152697272	2,07356957902342
10,3075815525938	4,98758015795029
-1,95430909447051	0,151454225024065
9,42845349873596	3,7843371798473
-2,50198787148164	0,385001186882108
7,30857161488362	3,72302373294208
-0,571488817102675	1,51179418695258
6,92733742662168	3,93715316141466
-1,01674927456031	0,919880041047705
7,58437098638171	7,66178056350992
-1,30875029490198	-0,892702183721253
8,76544306849604	6,51856261127412
-2,72341646047446	0,736791264988171
10,124205894616	4,74863371032903
-3,05975749922527	0,277593576736327
10,5492144863026	6,31530776007513
-0,828944718151006	1,56148332227346
9,77741150657767	4,33890662164003
-3,07548774733662	-0,514688739662664
10,152544173049	7,17609899780189
-0,178340729410345	0,862262980520129
9,69481318703248	7,07399129198933
-1,91843115735696	0,520081445280902
9,65761931238835	4,62290627539337
-2,39629465258947	0,0381893546326446
8,32446979263941	3,73935090016004
-2,9641950288494	1,70001621811977
10,5767217658017	5,85686739376241
-1,33299554792887	1,49718635191574
8,68242907255535	5,44572087515305
-0,6654098414757	-0,0509115834186313
9,07414066419968	4,80246593582267
-0,27083390588337	0,0894584908497969
9,94036964965127	6,67656906336511
0,00219484373485868	1,72680341672048
10,6539679861134	7,03440723743182
-0,148021422033359	1,43707797456148
7,12128342080152	4,66360326461133
-0,141527150547946	2,23922399571965
9,89785217193607	3,49782423712466
-1,73709686338051	0,792419373679101
7,45969614829402	5,7249136086362
-0,397614111919445	-0,539368427767307
9,79250412687129	4,19414884580042
-0,022808554212812	0,232242618522267
7,71848979031692	7,19411812181379
0,356643001858575	-1,18432589813185
7,33686572630174	5,39170950434453
-3,25953612207385	-0,989577831756402
8,1426782933392	7,22614335131022
-2,00589692156958	1,33571021537692
7,87338995083776	7,04391934182905
-0,277874599221056	1,77562641794597
8,03603027024337	3,81882571804991
-3,22277436116989	-0,923022084856025
8,38397301012669	5,74600282773432
-2,69647229942924	1,08869776477015
9,19313985493395	7,21723556290409
-3,37282762467301	1,75978763767846
6,5249113382551	6,59404698177521
-0,481866193642861	2,43465365237807
8,06595210857868	4,74352682902394
-1,027219953356	-1,15660187390216
8,46988375908515	6,66348869967973
0,0879008124244343	0,656259515057351
8,1145039063389	6,01135430763954
-1,84234116875149	1,10229589104169
9,81900260309593	7,53438160753174
-1,96994833701	-0,396121706452181
6,73914769792654	7,61060370838149
-3,05365119462786	-0,347796979221711
6,50083072384583	3,66318746676544
-3,46974060737709	1,89687011094193
7,14932425262754	4,71699639150525
0,444921022929693	0,475025810123368
8,9020741044336	3,88833481407909
0,101130920156153	2,05898972315835
9,10099097569336	5,40447763397481
-2,21578112485299	-0,311895610290887
8,41893651555075	7,52727505896973
-3,42715310887311	-0,1685832261328
6,73819898133032	6,13991130607328
-1,42877345378416	0,150023339691215
9,5123467071474	5,52251722243882
-0,0254720301142206	1,86081175696257
7,78347611846263	6,66104957308599
-2,29553945053522	1,8015177817262
8,22257859830746	7,1434202395836
-2,92191266743022	-1,00636364517514
10,6444989295547	6,99870373788875
-0,671754553254827	0,0483553897657911
7,82398999482398	6,32099605333987
-3,32035282977745	-0,131853915779518
8,48755055220537	6,87438206416736
-0,476317616466968	0,191375162339082
7,86940947297524	5,98321163242745
-0,0966797555527377	-1,03075666074808
6,74411337136224	7,23389278209184
-2,80722961138049	0,916243430772336
9,07812800061055	5,92051583710668
-0,751824486739512	-0,949653621096124
9,83284255309821	4,81249539245581
-3,38282828500381	0,0751522437050838
8,29391493288776	5,78524287698039
-2,05056757120968	-0,883823133330767
8,53018547942635	5,40491578828966
-1,20987195671588	-0,587472136616472
9,30110089478298	6,64909309296931
-0,0302254727013644	-1,42636484135399
7,56299929163553	5,18324075242398
-1,93268637790771	-0,335918274893989
8,97317558304275	6,95136681105021
-1,68538379959477	1,99235357472601
6,5305022285113	4,66040621171174
-1,4261513483927	2,32221289217737
9,45460091941878	7,01660069536076
-0,722955935569791	-1,20358789905933
9,31489843597369	7,06365316521232
0,263962865468105	-0,745238044531746
8,05279420512879	6,23180135698003
-2,7525398107551	1,12170892334124
10,0101964682937	4,46746645330343
-1,88157092039605	-0,30053782196585
10,4384173123249	6,23267561079606
-1,3540547871423	-1,13716741050249
10,092884830483	7,09491808459934
-2,65564012682873	1,53089685507768
9,90072423170456	3,45148806156308
-2,91696787427523	-0,654162138330761
7,13360357531689	6,46761773018407
-1,10177758283365	1,28187602337237
7,77239671587147	3,96915099105462
-2,31300416638486	0,873642700430199
9,4523987641231	7,3341830519608
-3,19777575466316	-0,952897847849447
6,56966631304265	6,91399442777728
-0,14167747720646	0,202465810056013
9,53085945474858	6,38551306183983
-0,500408094993798	0,814562472280288
7,16686697854566	3,94778884390596
-1,86176520798818	0,598276096003451
8,44758781547517	5,52489895400981
0,0514912935107188	-0,159104932074508
9,97776460178879	5,20727932576966
-0,406520944979485	-0,467889594964705
7,31504970246251	5,13190465331889
-2,39416058774461	1,37610222582981
10,5551586177233	6,34438348452549
0,237670529320627	-0,962563817061738
10,552155897516	3,58959975113889
-0,414756600200354	2,43106869425013
10,5769458470246	4,23445370678706
-2,4511414003267	0,970564011413064
8,36021902388004	6,63178134032895
-2,95229276800895	-1,46106156678038
10,2824433155946	4,62069780013294
-0,834963948905724	-0,853847339139918
9,15685426458618	4,33762729071907
-1,10406208297634	1,22488188526746
7,06011430118081	5,02319735797346
0,281509571446168	-1,38844735878172
10,110096917876	7,1303593344584
-0,103466808202798	2,37475456774263
9,45528540136636	5,79811781585433
-1,76431868275392	2,3169363830182
10,4494460460898	5,84825901387944
-3,19791232913716	0,0411658393135439
10,4303246306736	5,55923805497959
-2,57352369452803	0,424179107437289
8,73931564100128	3,99461613704264
-2,04456039309711	1,97570221181956
7,35284054641492	7,13680710567471
-2,47275775277553	0,751369451966088
10,285078781168	6,9376658398867
-2,61266575634782	0,262142888064756
7,7654575829353	5,57489588581744
-2,06494123870127	1,98333765552826
9,24420692949828	6,17021643849621
-3,18518067558771	0,879022960337603
8,71996529182188	5,94826439468198
-0,181369887696556	-1,33297288776635
8,99820796007227	3,53354339932457
0,167642716561522	-1,07840133315881
10,4887373907195	6,63279336160569
-2,54429623420351	2,07852255230991
9,95118416803578	3,65224979048515
0,0224341464280711	1,14239749503648
7,84540971680591	7,0145912713414
-2,74023024897358	1,69304420818643
8,45514989736161	7,46858115532697
-2,54249169343655	-0,327795257809459
8,27929033691046	5,86354151933485
-2,18692171440451	-0,686690980174719
9,00743063845202	5,43836875778173
-3,14728012010821	1,53140709578606
7,23435532812722	5,93117937540572
-2,12402125109767	1,38921745778544
7,50242613956948	7,47839362807212
-1,95415988913062	-0,630118246829703
9,21092828004356	3,92205251695335
-1,42525184870553	1,26962560360035
6,33506437701066	7,23823380245728
-2,64880116635939	-0,782467797289729
9,12017329432869	5,11326686345522
-1,24661907632602	-0,768148557667054
8,56481093152803	4,91284426647562
0,00858657104199523	1,29521168373799
7,88929176884454	4,28645418300567
-2,15226390459867	-1,31707166280514
9,84630953285765	7,1065321060787
-0,148526637342294	1,94553461884127
9,30926400175475	5,26034942110022
-2,60376750994358	-0,755952514964536
9,29777084045285	5,57135590718547
-0,826696277269007	-0,563799296794115
7,79911530711328	6,70214667401556
-1,57061330268026	0,246030309683186
9,14119835284799	4,21466881423412
-1,70148779001778	-0,607901674242767
8,51443702417716	6,0237831118112
-2,96251732019489	1,36866037995021
7,2836134627792	7,59750654667124
-0,355213946663891	1,92204313863124
7,07565768396232	5,45560907828557
-3,20342500289947	-1,05959947106728
7,20447674253299	7,24922104577059
-0,821933686879545	0,557393577162542
10,437392161749	3,5379771836453
-2,37292881936582	0,179953765706454
9,66827946193677	3,49287659836268
0,210641989388209	-0,610548283244564
10,2482779172215	3,75276700615502
-2,73758924924299	0,346415631231764
7,9805814666223	6,60552976379199
-0,797953817220725	1,8221378636333
7,64913018465245	6,65046510631395
-2,60842633028684	2,16963636484532
9,71614299213701	5,84484087465575
-0,255272820314034	0,90570420295989
8,51900567283725	7,30612537856907
-0,335043240309897	0,0684103069631439
7,09144937382962	4,84263270084363
0,346889193359746	-0,375591613842682
7,96314780367191	3,86276557143145
-2,64068371809366	-0,223149645536544
9,69260549749791	7,66591045366124
-2,08534073303986	1,09836148326542
8,90413925045792	3,99088074068662
-0,456949624726043	0,669077999182061
8,26805829939623	6,77081005535815
-0,103554927740637	-0,37389533295527
6,98192287178647	7,58836034981217
-1,16198305067439	-0,200604240507751
7,30788495171604	6,5849090099296
-1,1559047175315	-0,0662389448409453
7,32001343692842	5,51679708198917
-2,09983865077005	-0,062023715420481
9,23263950801917	5,74137315031972
0,0529490077234733	0,945242012656106
8,95249524715849	4,41811312414141
-2,06470012135176	-1,29704670064076
7,7387624356464	4,49607508991969
-1,40698127359461	1,54340301154668
9,98528754769191	3,46111253642073
-2,57234665773219	1,42222980778041
9,36056568137492	7,38452264554927
0,314574020437859	-1,35081118331515
7,77623294513971	6,05340592661696
-0,0856359090878183	2,06101921078537
9,58995818648028	4,11170551585557
-1,23785850439445	-0,710069856105223
8,02148520800864	4,09402307269018
-3,42268354122675	0,256662850086444
6,58400066499833	5,85246742163205
-0,0273744060124037	2,43390184833466
6,97703623518543	4,89454319298245
-1,50591281522376	2,26946085857086
10,3578678766393	7,04163866108339
-2,85577024049577	0,998016795319921
10,1395335352541	6,4559569103482
-1,24721411607109	-0,222286029217975
7,36473164298362	6,63781275157329
-1,64552633411908	1,99206296958439
7,74785428340903	3,78484354253278
-0,974715554653236	-0,359638535714303
7,97708348366244	7,54507012253227
-1,88110885283291	1,07758084347744
6,52904245301398	5,5335837080836
0,13745048597082	-0,370332391664028
6,84684646099341	5,5511380109228
-1,45775977021668	-1,09388203833967
8,42284901497577	3,6607806457437
-2,22167780464313	0,812345647475663
9,48786284120765	6,78002315665078
-0,211599745871501	1,13633149227657
6,63642970467757	4,68616975808679
-0,182945625168716	1,47561460238257
9,95327194395526	4,21062916081791
-2,31113944307145	1,87627515547102
7,52869568610857	5,66645636369893
-3,29035166081811	1,57187590089442
7,10435693808816	7,18707231860786
0,404364184534658	1,85551416729848
7,67710334892666	3,672776378152
-1,09074062821761	-0,721327840630083
10,2456694960082	4,4309161622097
-0,694374969499575	1,23753710739079
6,46649467943707	3,89543151472873
-1,93464279664042	0,370380933257985
7,15146710245118	4,11627499897235
-2,15538720288561	-0,7509101335321
9,54616037581424	6,52429206677195
-2,43765477401643	-0,544169246315525
8,7469024092748	6,04653334209513
0,282778075126482	-0,222856917305355
9,81858935927735	5,52203257273723
-1,20702917144403	2,04920732119133
8,38571175858174	4,21776878925398
-1,10797909442805	0,540977977516786
9,75909450045999	4,62241313084435
-1,3228932408206	-0,481979264342186
9,23638015390855	3,69838763804731
-1,28674219760032	2,0704534458793
6,87961874405113	7,29117525053246
-2,42024308167344	-0,141660836155591
10,0106266157016	4,55681663998096
0,207999818019709	-0,291893479569032
10,6920893597718	7,12936164194029
-1,11105108373294	1,34109499898805
6,90386933317513	4,30495514344839
-2,83570902771523	2,07163385311889
7,12783244419245	7,38036326277769
-2,15921057780395	1,57965120207886
9,3359709027916	7,2441726212769
-1,62296575702961	1,613471819647
7,35950384184549	5,11167746501794
-1,19473717093877	-0,970311037404703
9,99952596699623	3,88457072626206
-2,75939361601852	0,399701802026331
6,84900223558501	7,01481628282675
-0,287080462439022	-0,0913596875153697
9,54031535135366	5,40113975773186
-0,494426307968199	1,80158019054678
9,67811971994821	5,00261763131356
-2,21809644118312	0,037003710906244
6,47765529509589	6,62079716924236
-1,0981450013639	0,62057901135902
9,04230200040022	6,90020551921137
-1,76786686945881	-1,43800289116714
7,34168051228379	5,23482522946668
-3,41269041786053	2,1538809525183
8,90317528915215	3,601248446034
-2,26984812986794	0,322109910229602
8,33715093933115	4,03537379994939
0,36047982546335	1,41047062207418
8,00662898468084	7,4108995095242
0,475844369599173	1,73213953137692
6,60570975009183	6,15388926695228
-0,625362367570384	-0,374114667475034
8,19402393734187	6,88275820098686
-1,69539999256498	0,379815473595992
10,0586161532883	5,16393500972411
-0,220765764294241	-0,675080528009528
10,5132281839368	3,38814901300601
-1,26607553957013	0,364419795315101
8,26121438640928	3,66377213501734
-3,48922063142939	0,411292892260756
7,01696476906001	5,02237470655287
-2,88050903060977	1,19165703737662
7,52042019773935	5,16426283063189
-1,05807535912471	0,864389290627555
7,89995225362532	3,87641367281796
-2,63157748684838	0,179846557531697
8,93375717956154	7,21473990070461
-0,551232394433634	-1,47023536448361
9,36734668432403	6,85486661541951
-0,272074769727045	1,09715108448014
9,083073910039	6,06437589681568
0,00996402348168424	2,28038427979006
10,2753986595024	7,54231808893617
-2,72658474599002	-0,774340575590339
8,83168120949453	5,0851587646983
-2,3229067487994	0,984968363120492
9,62678449592323	5,35494116665913
-2,72050952199809	1,51279367869512
9,4330795455524	4,66801488936504
-1,95125662543062	0,765980446843888
7,12083918152601	3,42027321396365
-2,0829185952031	2,22688613030292
8,26232323526765	6,84235641325403
-0,774630955787425	1,68641173756282
10,1182171058432	3,72448268618894
-1,47183354039111	0,0584881915776609
8,73790636718037	3,7867018536636
-2,54066783575866	-0,529150843412307
8,1998604193566	5,68882353839826
-0,0645854543199986	0,038759958966565
8,78801741110507	5,28292494748662
0,348425903685458	1,38252064925086
8,78038992445051	7,06608163387434
-1,33200654555111	1,530442596761
9,2051426527619	5,13904539516451
-1,17715160625132	1,78765462182494
10,0767652442843	5,68530443292874
0,390220381850786	-0,987430021668579
9,21334673585132	5,48595440646388
-2,396328546803	-1,42525838259299
8,38130732472367	5,24209634718233
-2,03414466003614	0,548653663062939
10,6657487272297	5,36513362610356
0,474157838361506	-0,612379356278929
6,79284273190191	4,9178912255866
-2,15701612129897	2,30569050385823
9,7915967360922	4,72348045122485
-0,574380235598465	1,26615690370454
10,6889936874162	6,20293518449386
-1,4928809132357	0,366387807025789
10,145268093271	4,60112269524591
-0,00591517475935621	-1,30097234935697
8,45893715290713	7,12550951097746
-0,3460040204313	0,127146221522051
8,00507891808482	6,75932331037141
-0,766755487224381	-1,01023240232708
7,22828069120438	4,63481886206651
-2,80499514959302	1,91313204432339
9,09540126114526	7,53144767032692
0,163986026195727	1,04430668300475
8,7135425831203	4,88545780219374
-3,03880797394586	-0,748790083551124
9,0301831697086	5,75832734099493
-1,63175582340217	0,61875084697463
7,41840422878583	7,13347439764046
-0,67360347435321	-0,61715997639383
8,51384151373608	7,60418817581961
-0,90934459972331	-0,0773443215600391
8,55547990905141	3,51941869307127
0,326413322508723	1,15625319834272
9,15384801553188	6,17499301640539
-0,245428457154153	-1,46985238809259
8,07519027254546	7,27718481054296
-3,30973226257192	0,804885350128558
9,52613571802563	4,80334481884525
-0,309385518220715	1,11929875452601
6,53731387708766	3,49142072145547
-0,505445987797085	2,43019081542034
9,0703387563537	7,56855576144618
-1,90549968284685	-1,07100158840213
7,89472670428637	4,40412844341925
-0,624672223776159	0,810986326094098
10,4342814696452	5,03283327595501
-1,13791332404447	1,96622885834481
9,8282493058506	6,97865138276084
-1,77608328619085	-0,780960296931504
7,95397027403081	6,59545549639146
-0,548135728233592	2,24813646711626
8,83196608968161	6,18783204392129
-0,454526095661003	1,64318383575529
9,28643497060271	6,87542014802746
-1,40747780106928	-0,122548719436542
6,46051801401455	5,71518438872833
-0,458874192909893	2,47438883162645
7,90945006414558	5,60843425810335
-2,05481603243942	2,05972272066928
8,59946074989544	5,97942567469793
-0,698621635146458	-0,524039019564933
9,06964182440907	6,3803393109545
0,0270931179543541	-1,44570283755378
6,57923143179507	6,15131100811893
-2,04377976501094	-1,3871420963483
8,9422647489628	6,79501428103264
-0,0408143088376916	-1,1603040799374
10,2291514824343	4,64444856578827
-2,55449377643119	-0,46250276282058
6,38064627532335	5,32547065737783
-2,08609773847091	-0,50242684340566
8,63572584683341	3,76568097565771
0,383662851917667	0,308479939591478
10,3364117435605	3,56140037029074
-0,865858871272798	0,679246278013221
10,6004910593599	6,12101537044744
-0,53269309286865	-0,846306771765911
10,3321292827321	5,20055216397342
-2,98668880240303	-1,35716530637175
10,3487806877936	7,16013700173912
-2,36696798174287	1,32182797749394
7,5318065698195	5,38552237179834
-0,194894935822115	1,51400821255158
10,3899179311687	6,3959166901016
-1,44636371105459	2,23239567164679
9,19036465783953	4,71619198225679
-1,9716105806681	1,75447577982712
8,96414534356998	7,32807552047422
-2,62223116458838	2,15148169538691
10,133153807348	4,0604198692435
-3,12631800828096	-1,44149430716814
10,6128236229778	4,05072007744537
-3,1905083321738	-0,31513984586413
7,8510739962061	3,46763430382752
-0,353558499477498	2,24777931386936
9,08091936139266	6,35293908280857
-3,18904963725395	0,10756694341392
7,00680217246183	5,86449245473767
-1,52115041971688	0,463045765294175
8,02594007239861	6,74500259166438
-0,452653556084104	1,50693958595825
6,78386274370957	3,76153686151749
-2,05263010043748	1,12106137319064
10,4383475999085	6,16318031633422
-2,54975446894098	1,72540514078423
9,55326350649361	3,89628721611416
-0,325063182114167	-0,569738297537315
10,1767499802577	3,66983829303814
-1,74452452920587	0,660996691017624
10,523179136389	3,80462115627529
-0,619943949723777	-1,46870737381056
8,95340188903742	6,51754044705476
-1,48461179293318	2,27411859577475
7,23868728520834	6,9970014026227
-2,17863210093869	2,49040588843021
9,16630851258643	7,51749294106864
-0,869620067179566	1,39841764563289
10,1686585153329	4,20247276934669
-0,466932941774432	-0,628263249811028
8,16626018005401	4,63913432344214
-3,34641674292161	-0,793448877924572
6,38158328679729	5,75546361411591
-0,454659477160776	1,8134969517369
8,78351961285233	7,25430357253566
0,363009334477257	-0,135382592673064
10,691006809617	6,95983426666013
-1,59625426294078	1,98991478998096
8,54157420946319	6,34585480978828
0,135172549609647	0,655167569076417
10,3783876959133	5,49702804792122
-1,29085447096867	1,41505563545025
8,69041715041359	5,57263918744106
-0,00289818982785439	0,622152974889092
8,90050634311309	3,71905508458594
-0,943002374739661	2,15524293352799
9,76350074272332	3,91701420810413
-2,36015280231729	1,46346851892513
7,05351950736463	5,20898024696432
-0,504226632385878	-0,733102628508048
9,02918847104594	3,34958193992844
-0,698639318626567	0,165161834072223
6,67286804267984	4,84093494108929
-0,498675184356112	1,15956737152756
6,71222525025377	4,68272907709478
-1,81139875914644	-0,511498941386674
10,5631904282841	6,6000010938873
0,0186982740590507	-0,218339599603564
8,35310657010068	6,71422146413905
-1,87492334750883	-0,496634276029865
9,73341737243135	6,09320271778499
-1,62606107477675	-1,11643803988815
7,2838129125487	4,85617168232517
-2,45639842299533	-1,23303712953402
8,72965689087175	6,8915960041098
-1,15983504203013	-1,3580280024914
10,5776225524302	3,95548180210076
-2,90573260639242	2,19848771417373
7,28208088288885	6,35871127588807
-0,803579265131249	0,994999116078644
10,0024398680099	7,44055674884417
-2,29978341435087	-1,39751264656988
7,4339981885725	7,57958247022891
-2,50333977789879	-0,221901396190462
9,42203597358778	4,9946938909997
-3,09091553815484	-0,278053815381517
6,8465334775316	7,39280454007179
0,00326557653140691	0,377274565046967
10,1543116811328	3,48897385616676
-1,14275376388617	-0,310899421116505
8,45505743530749	5,58696514806786
-2,25448423075022	-0,00316049824018938
8,10408926453643	4,49861207731662
-2,27401789183444	-1,21328972589302
7,52466877690736	7,06035186031876
-3,10961943837739	-0,768489816305568
9,69744990989958	4,16293190403721
-2,3152824587509	2,45498468914992
7,42352477286591	4,32014276535038
-2,46860761180124	0,668408712004669
10,2659003898347	7,43763103768768
-1,93120742765937	1,21112019412853
9,55399284182753	3,82308585282781
-1,71723392556473	0,0260553058218203
10,5517218201322	5,10309427939042
-1,40265537505099	-0,61260213584875
10,5730557770683	6,14990093674701
-0,426241981143432	-0,392461252444667
8,28460460827593	7,52654353712826
-0,836847354560454	-1,34951689158709
8,05122915523181	5,39466015218556
-0,911373924961341	-0,661147763643379
8,1407903890907	3,46920842080286
-0,536363831058285	-0,814375808999447
8,54350001134438	6,39003101507313
-0,1695976955715	0,454785611842967
7,7007926360882	4,74973311446299
-2,24800472790542	0,754375814549688
10,2752097033386	6,10374828900136
-2,60958141639848	0,739962019664523
6,50120648804474	3,70329369295433
-1,22633220875511	1,95286745166143
6,4601234415435	3,60630494443853
-2,53889700371735	2,36480497769234
7,6273511124373	6,97189423922814
-1,08824225353499	-0,162547140538695
10,3191415983382	7,60923533618173
0,275857957682537	-0,952397566597132
9,81294392328282	6,32766845178391
-0,109824424657542	0,0350542681124231
8,89526014126659	3,57711888008977
-1,59591438246227	0,0824093489947324
8,74320775659711	7,30992881014278
-1,59385921965103	1,67593926179098
7,10368782316767	5,34941233997744
-1,64836648787758	0,129763924299258
8,8217901959001	5,4332521422812
-0,326446671069117	0,620564187224846
7,26429312321535	6,54756377815583
-2,81663936156182	1,71424487251768
7,28571135006222	4,97845662491759
-2,13223790861576	1,69451564094985
9,34236660275654	4,77854044087904
0,118238554740546	2,17985409584592
9,9684536415096	7,17799942360064
-2,78816680286204	0,34444552472352
7,51947497004765	4,282729074321
-2,730446744091	0,436136892252146
7,5025476874635	6,71802089050837
-1,25131998930049	0,993011932583078
8,04917849180066	4,66557038849864
-2,33115563117432	1,07244850907584
8,95209007821403	3,90124393239886
-2,7124278546221	1,32909533715585
10,5426850636927	4,8734202593708
-0,277866854678777	0,481713727994885
8,13670416082367	4,10730042230279
-2,40014610115479	-1,21819964598713
6,50802448309333	6,34094267255082
-0,603903794076438	2,34870011107322
7,59645862831509	5,49044649054906
-2,30551642056926	1,41459594540422
9,88585548285556	5,11929393561802
-1,95142256179758	0,357937758371774
7,38970443315817	4,42513355469312
-0,550685716289685	1,79919644792544
7,02551182984076	4,4248007369604
-1,30297903111828	-0,822694537750584
8,88449149567031	3,76993359697092
-2,82791745356176	-0,543783922679069
9,12671960798675	5,80734243604929
-2,01330321603759	-0,533404964545573
8,95813169560731	6,65174483989505
-2,55531253128877	-1,4905276748799
6,33954058845183	7,38836182708727
-0,506832364773117	-0,775336772446833
10,404438615555	6,31124862425769
-1,02757574011451	-0,898351440532331
8,00240884696849	5,01452626606618
-2,77993700453113	-1,45760257530227
7,10679264852351	4,87316306419686
-1,56765805372763	2,02584085953048
7,57866873791018	3,9979104177359
-0,892103505345279	-1,36838940972569
7,88596279040839	5,45708597475044
-2,72139949921569	1,08049350917679
10,340877043768	3,99445317385628
-0,60849566507573	2,45962988816077
10,1726606593853	6,84072080077227
-1,19982674538609	-0,298708960604914
7,1282759394588	7,28944564812846
-1,1144849088998	0,224574252281678
7,90352989580563	5,39638263776545
0,336715231619487	-1,40488909932872
9,12994229529229	7,55881236515672
-0,0154316891961943	2,12337759574936
10,3723370639705	4,94336635428801
-0,416953953343915	0,0146084328667553
9,95895772663248	4,41182758706017
-0,651859776643481	0,302604734609245
8,07305464226077	4,33697070584587
-3,08288649597193	-0,629900892570185
8,08844950459771	5,73832368291288
0,0937776614082231	1,11552679101811
9,58872213624951	3,4777199271135
0,306651994824923	0,410730990925678
8,6290186531289	6,70432307513696
-3,30708061412003	-1,04491479025681
8,02625280326177	7,0263098667484
-0,290364579091006	0,533516145216937
9,69468490018581	7,49036063483422
-0,411308698197296	-0,53040366185815
7,15234246189077	5,18505889186599
-0,104535662884314	2,31078642176979
7,3106320458309	3,66083299629118
-2,24446714294114	-0,498895700016086
6,78412878168304	7,12295916279637
-0,463543087137354	0,3248131719053
6,52448727005227	6,5409845954062
-1,82965602598037	1,02809549372676
9,78814984446544	4,75825847551666
-2,17029513300461	-0,205493786960524
10,3431888967715	6,05209015133344
0,346008103971932	-1,17793669546538
8,58482399988498	5,46124502096739
-2,01153402287815	-1,3715050079397
7,27600466395536	6,12151969879592
-2,21256270609098	-0,840069236439227
8,0555243771936	6,12588921765713
-2,9333781139695	-0,521451530768911
6,92609758106214	5,50748319795728
-1,46778339424467	1,69462152270638
7,77638860653376	6,90215118983376
-0,182039348514468	0,0988159699129518
9,02186143959479	5,60107012782307
-0,172868200570279	-0,658296868301589
7,81407546126401	5,38191058526918
-3,12494876283018	1,94736320497174
8,86639209670525	4,98839736721568
-0,000960477787483871	-0,818616408560532
6,59489316231515	6,48335845919524
-3,1513528147676	-1,36467219926314
10,5606515842093	6,895789473952
-0,637953348493843	0,289324189448187
7,01747653293419	5,50923807255152
-1,93996894570806	1,8613190929552
10,3031263958226	6,72548985154461
-0,511673245534792	0,466603975594845
6,99200046925244	3,7888153796236
-0,677171198480279	0,0279281261757887
8,54394091624106	4,47732953828505
-0,135111897629069	2,26083658306481
8,13185971349419	6,44002285669899
-1,10607882300688	0,45194782651256
7,24305443136997	6,40208510641668
-1,56753744448232	0,65586014161926
10,6435959280153	4,84109236207989
0,397951316397183	-0,996052990346967
8,5178016287395	6,60903237372002
-0,615662654569585	0,525067881531629
9,603576305105	6,06017151784559
-3,24747176425186	1,48694206974188
9,08497881943065	4,76166948138762
-1,22656710015666	1,41966354923029
9,68664151184909	5,36588661750464
-2,1961629440085	1,71391863534679
7,99799899448986	5,9683111235857
-2,12400040772868	1,61347387252594
8,81449956092977	5,78374229170354
-2,00807717693961	-0,928680459079792
9,92695536531084	5,89352555819117
-2,86485597978068	-0,504787097562222
6,91252860296003	4,63441105543279
-1,50851660707972	1,74955016894774
8,93932250597045	7,58066371585164
-2,84677223342296	1,8070384054653
8,62289482833933	7,68237836625352
-0,645607234978366	2,21589840201381
10,6216660395389	4,81770158617615
-2,04139026254063	-1,49609240163791
6,53727145633109	4,99229721021326
-2,04638419833708	2,07669076736927
8,3929971490863	5,66531458608849
-1,91076861519872	-0,916575222594802
7,67707737912113	6,29279916319807
-0,20258196890272	1,05705949595022
9,43107394274208	5,97887028962786
-2,04675868830167	-1,0393322437601
7,44177184082617	5,63367265335837
-2,82275608597639	-1,31563805918299
6,30956908146264	5,68857788776623
-2,11833204435887	-1,2321923828019
6,36493328284338	4,0136642370258
-1,31861407272856	-1,19954426843334
8,24962419242078	5,28405628384238
-1,57829405857262	-0,687629484943282
10,4695809355864	6,92674361212587
-0,798815274232222	1,09876209178161
8,54231571815268	3,94190327130907
-0,670921285075011	0,12787116566013
10,6214671533608	3,39971805674136
-3,06639341414392	0,335279988440099
8,13391386421364	4,32714833061555
-3,23169282279105	-0,68183985558272
8,7697595321084	6,84658306275347
-1,97870015063453	0,138237094959317
8,35486174805142	3,67092376648045
3,78644333400913	-0,297672726766649
5,21734810669585	-0,118897598153604
4,95038578877682	-1,93065857745759
3,20998784375651	0,238375751532809
3,28114131337738	-1,688230239724
1,26369062477301	-0,175067944623702
2,86687105685287	-2,52021522830078
2,11631586365617	-2,21923682308674
1,25738474746224	0,262185800997222
2,41052124286616	-2,86313783428023
3,45714155157947	-1,21918794625827
4,83121080024216	-3,04588503574961
1,89071102226359	-0,0524689046142619
5,05229608999841	-0,194145093264904
1,28560123775052	-0,761117168726208
2,31747109576354	-0,160736591126299
2,21317658064997	-1,34032565282251
2,53982072916433	0,615758562918778
1,34659572849009	-2,69855294303883
2,14935354980207	0,11238648716551
4,28286403198706	0,573464829293192
4,99229299180069	-1,1109612362069
4,62429170161616	-1,28374112609535
4,3740308511857	-0,22039207159068
4,93772869508392	-3,17412824959569
5,19410410443159	-0,971901238804118
4,79341252046404	-3,24604420338544
1,59198996198449	-1,76292629332899
4,49874337604341	0,25721566492094
2,78611890980396	-0,594521209617568
3,48173020012362	-1,32486299122478
2,22221830392504	-2,93716574896502
2,70688996077923	-0,188877712515576
1,32156280789834	-3,09988290172604
2,06453332235228	-3,25160591707809
5,20563598072585	-2,32950382231835
3,40104979275587	-2,59307586637791
3,71964859002024	-3,05323998572434
2,08131843027686	-2,50340884548591
3,79250092936013	0,525338761934324
1,3454879380914	-1,88836404864282
4,42767208745113	-2,79778560215691
1,83381957227526	0,254579208100421
2,76120300107957	-1,97234411052934
3,51048500403301	0,218350534314247
2,35913632485493	-3,07273244583863
2,57768195413026	-1,46074472898875
1,22863198518201	-2,86438226387133
4,94408461612076	0,0913646497415548
3,31081072389554	-2,93730760753243
3,74730231662522	-0,986453179044166
4,84881640617842	-3,03871313000644
3,22387768176038	-1,26193123753633
1,40990369379834	-2,7579114705973
4,24010696462571	-0,489034177464777
2,84825416134795	0,232110996720666
3,51118006434937	-0,298771620337885
4,37991708065802	-3,0178270015242
1,78114510588022	0,269863443878387
4,83666570546574	-0,130000447349015
4,90316721464059	-2,50231103030268
2,83941371644645	-2,6605021213005
3,7256141596665	0,487081890438455
3,49245887232095	-1,7161022519744
4,43202127204517	-1,86731117964353
4,75424826244696	-1,11938659438452
1,57052630273001	-0,211642827078748
4,14475516204087	-0,813228739239781
5,18386732928555	0,0101928960936579
1,32141398891329	-1,60529185438617
3,54095779113495	-1,55908902976207
4,88610795024629	-2,15521946322403
1,97796711449922	-0,825887822350087
1,47507727576406	-0,770073628336174
3,27482079018556	-3,04900761609124
1,27711036604084	-0,655232782349842
2,17712047586394	-2,8097860690265
2,11360972495651	-2,59734522633339
3,60642405074477	-1,92132324454806
3,46237310656935	-2,27857951593783
2,93572326288105	-2,9080375106911
3,07896944891676	-2,99024432034599
5,11705704350496	-1,27003931238536
3,33529766712342	-2,90092196236245
4,52097072380885	-0,123499031415556
2,03061855624818	-1,51143701397382
1,309614884345	-1,50064384431025
1,78774153332739	-0,65776218232958
3,88125601420509	0,136549401599404
2,26324053068626	-0,450369578173244
3,97272280314158	-2,68488241646614
5,17478608635262	-1,18946391763633
2,09980909970537	0,582520774441798
4,16788202719063	0,0210322311789546
4,04576436598418	-1,55901082517529
3,9521706363417	-0,913966005308827
1,78251203267755	0,567008847521227
1,34546491520778	-1,27658266447035
2,08490584689195	-0,177622132635124
2,53637028301496	-3,06762198155179
4,81576164363014	-3,08103245352237
3,13670339471888	0,0733417934702509
4,74128006721894	-2,52394927827214
1,52029428936226	-2,96717953792277
4,75155475057549	-2,83047652588673
2,95577991635018	-1,47733831985781
3,87493107968565	-3,19461084254378
5,03509241615904	-2,56272646366383
5,08233519058604	0,332249578220423
2,84719165755785	-2,22519716210238
1,67177702440776	0,507215500666471
2,36765366798138	-1,53094343775114
3,4237729503038	-1,68160358225947
3,12571936732533	0,4964958276932
1,79320635575046	-2,53017235283904
4,15459134242734	-1,5536826158126
4,87067305907322	-3,39190368369145
3,73324155554931	-2,92353202750549
1,97391988852399	-1,52007536751917
4,05894884171348	-2,64401153708869
1,87872964397117	-2,75865498012046
1,70915920875235	-2,62121529855091
4,52247679362087	-0,920173509614046
2,95051573256754	-2,64940841441862
3,38385541707331	-2,25419431652435
2,45866821263206	-1,71017330524156
1,22830095275324	-1,26729564194947
4,51588360265997	-2,97718009004309
1,32713237949477	-0,0597429880083196
3,81564713930459	-0,0756726621993398
2,63000196456644	-2,08006854348395
3,20600353891095	-1,01914872834945
2,04847427665666	-2,40613461034956
1,8799646302703	-0,103864109051212
1,47476005086225	-0,518781777824929
1,91198823749322	-0,037199257627226
2,82670541622444	-1,03202981891305
4,82405685671781	0,463904064696629
4,74354888198349	-0,573780949280907
3,68758761274722	-2,02518627237338
4,56338418260736	-1,40584046765573
3,31398953131819	-3,35713252431205
2,61078730832562	-0,110344391453265
2,19447583022296	-2,36227380725612
4,97996409257407	-2,78684055919109
2,0232831392536	-0,368386951383725
3,5106146994082	-1,19337278027987
4,25264127609284	-1,27845667711953
4,43631311357349	-1,00150629102298
2,07499572125273	-2,76061851624329
4,77680271394978	-3,01514989688089
2,8427118514444	-3,09132271274067
3,72710300053014	-1,52688802903058
2,92895399582068	-0,533043408021557
4,706523716774	-0,750847058008318
3,28333920787499	-1,39693579692991
3,6009188514473	-2,3081305700631
4,08166213620876	-0,370145972452962
5,02603325182384	-2,30843641398054
4,99765462424498	0,636107471994825
3,66876805862475	-2,28790498129044
1,75793039974025	-0,571644122490034
4,42328772244255	-0,0680542818219179
3,18451063050989	-3,01779247820809
1,2978825208328	0,669734962690462
4,00927313482326	-1,80138859089269
2,49778762576546	0,6729148570349
1,66135933806933	0,424675723100864
2,47300249912408	0,361157975764164
2,76124665673907	-0,708148761677481
3,46798617869073	0,135058894460392
3,35063398900635	-1,0558394288747
2,06129580040837	-1,13141948836975
3,7443485197857	-0,247741969304879
2,81779308710678	-0,257083330698725
2,23011412640998	0,0108120213744054
4,90159936827938	0,126678749730496
3,95680230425238	-1,49166148659738
1,36563797194787	-0,00377801530631805
3,37720290028171	-1,25870897395817
1,46784242232525	-1,44039145424041
4,95386338288194	-0,0711562900624299
1,23273005952485	-1,50631867513561
3,95728857539705	0,220031831082107
2,19123959592547	-3,32024790344354
5,05707386208297	-1,0124365736308
2,86237735042091	-2,11374746614584
1,92955233742333	-0,970126822227365
2,87441353755456	-2,18071219640051
1,99536999511317	-0,497031556460168
3,00823336973801	0,165959631947583
4,7659592274307	-0,181950156017845
1,27857934347197	-2,24838952310659
5,20593809086214	0,196289795742646
1,57868868102732	-2,48427262038304
1,65755968135585	-1,06574785826302
5,17992527126328	-1,05249530613333
3,76373773020105	-2,85187084073715
3,59506901368667	0,495738732966461
3,6208120742126	-3,31577029142569
4,2069660226584	-2,94496066739216
1,98751616673805	-2,58845797714931
3,79416565499516	-2,79785331443768
4,45763022540755	0,0925184770351888
2,61495092751358	-3,2709416294768
4,42472226894807	-0,731513096830852
3,01636604677273	-1,31872410634141
3,12461175195033	-1,20711354384591
3,31041231117791	-1,84288049339502
1,99154636620113	-3,00379357615071
1,26963432085869	-1,29699295070032
4,67658433909579	-3,10140092535758
1,8040154699857	-1,42071185362361
2,22885480266068	-3,02939662396114
3,52180929457321	-1,56085162506213
3,22154332577796	-1,17477667547515
2,56096983556588	-0,960598637205541
2,71632454536915	0,0756773703778704
2,06729334700218	-0,281298709857917
1,48233058474786	-1,90744272686552
3,12758064841618	-0,946303826692302
1,24605592032964	-2,73356817006167
1,66774538561497	-1,89712164743339
1,93575104672627	-2,93485198421187
4,94525687385992	-2,01917611388965
2,76744033390195	-1,87728266043332
1,6871560362706	-0,676773071017942
3,65233770829505	-1,88927797747338
2,95140484619963	-0,468034945094817
4,96537542055971	-0,440670574401469
4,56424745307283	-0,881219932975966
1,5146668899556	-1,08517949107469
2,97310915012554	-2,02202143823795
3,11042774120658	0,0154942563620759
3,33776825437571	-0,647284495778398
3,51177756818007	-1,16417149491396
2,64929387392889	-2,99268023754384
2,45135839677218	-2,79026594935327
2,36710521547384	-0,465998508992787
3,94135675736606	0,0359729596817395
5,08504324059709	-0,138745761396176
4,43305662329879	-2,16045807301608
1,74428416308701	0,11964753123165
5,13983949130356	-0,414190372322107
4,47310587339499	-1,49631204961963
2,24785943482674	-1,9873485171495
1,42569276511542	-2,56546618358484
2,37285025304065	-3,25284652979339
4,5215464178868	-0,943831737941348
1,82597220627232	0,64525250779709
2,51832782230681	-2,5371051277059
4,25997195988892	-1,46736947803022
2,83637897520885	-0,321391030450155
1,46052269658805	-1,97914644635755
2,75830181261542	-1,0728031379406
5,16252173689913	-2,94658928179572
1,45769402477317	-2,17006842659239
3,54326597082933	0,200967286573574
4,61320934685588	-1,40332040203001
2,01289364396831	0,116413744973148
2,08137089084009	-0,776713792349704
1,68693032757279	-1,11557121923543
3,59004347262123	-3,13882729558302
5,03110294255049	-1,15225164567278
4,25688084509114	-3,05854487489122
5,15193154111974	-1,42652015426531
1,91913074470291	-0,431840739229004
3,42584053716639	-2,60575635508141
2,6283905335533	-0,885530042995205
4,90656943160353	-0,00655823676018885
4,86471990416024	-0,579502238358681
4,48358336103215	-2,15820102903383
1,60135777065504	-1,64728120250798
1,99662694170937	-2,08885119875979
1,84242079490561	-0,173271335318964
4,06672768709047	0,686849433582877
2,43854430113097	-2,61976610879935
3,72736818254609	0,578272811073451
5,09059405630487	-2,68482451793016
3,9327004486996	-3,36234258554127
3,16465964664361	0,0976154318232694
3,39878687609615	-0,803007731907339
3,26046026151294	-0,819696880775356
4,99048298732335	-3,38157932702927
3,3686703894505	-2,79610987055656
4,59596743631881	-0,211721934104616
1,91093453126541	-0,320374045959341
2,13219455017363	-2,10674683610371
1,46573531049633	-1,2076515284315
2,7665970603101	-0,264226578501424
1,95605929585374	0,357239845837336
2,06461741266938	-0,837915701852853
3,03589961190897	-1,73740769562648
3,06215909282227	-0,297506672274946
1,25959292731525	-0,255522189011377
5,08399147162838	-1,72160059225637
3,89962113044427	0,406363716082597
3,52335510560414	-1,70215185306889
4,4419756753807	-1,56849190222696
2,78845637355366	-1,70938711394322
3,8626728779079	-0,87501654736306
1,57510140723543	-1,50106970834764
2,93151198219267	-3,19197654924752
4,99501113676042	-2,88368787927177
2,86051506895677	0,152365294165426
1,96680562979635	-0,604854559121175
2,18503497977155	-2,43418453990165
4,07731102584172	-1,94695878061897
5,22758383923714	-0,866731592612018
1,29241074680483	-0,199146214578281
1,58472377412006	-1,40924392104317
3,87854921518893	0,260888488458417
3,55257023416135	-2,58119246184771
1,78368377749924	-2,63253399710213
1,92453169824021	-2,18794204891165
3,82167231634419	-0,68329924216952
2,00368929447321	-1,08840142420782
4,23951713184667	-1,01815419838227
4,68548465621176	-0,450768002946888
4,00324011200527	-2,25831706215052
4,81749450519844	-2,36547472053226
2,48390905165028	-0,0163167782022482
3,68385183407697	-0,0390184754028402
4,2096539789811	-1,93567232389212
4,45826321047837	-0,413595265599414
3,83086489505943	0,372976572727935
3,27161909234191	-1,8196394086364
1,74388323258271	-0,750581011567126
2,78562132565595	-2,18227126713628
2,08381551895127	-0,719251749209478
2,10592886883259	-1,88226782519154
4,22846571589508	-3,19714190776206
3,69878222321894	0,0870781887852732
4,44423715375247	-1,78382079762663
4,91970900437463	0,159425470178345
1,93873602332864	-3,36880893051326
3,15364543646912	-1,38456106777626
2,64050875156942	-0,694683609729988
1,93444113759232	-1,66788034701275
2,02817724362873	0,0550558393088885
3,22204906172254	-1,17384285148988
4,35607120798204	-1,37262633218904
4,68730283546195	-0,690663689830375
1,37616909033079	0,0193581152689126
5,14802194380201	-2,59822834852147
2,49620281163692	-2,06061158098278
3,16317510737636	-2,9604869429254
3,64535370181563	-2,33271947497071
3,91301116444679	0,560119993013892
2,37193062348118	-0,473445474878567
2,22707062818688	-0,845046751256326
1,54081307520558	-3,29642718573277
1,70979674206755	-2,12784667197196
2,18306866396449	-2,80297753517799
1,71283425051744	-1,53236593472676
2,97768492107273	0,182741896286058
2,56688620415024	0,549343463374772
3,63506495445334	-1,26632346884409
1,70163864987096	0,48136791672012
4,53784636566767	-1,20003356286602
2,28709185019637	-0,565601248203463
3,27664169028659	0,0912588529562739
2,82828367037992	-1,67705305848489
2,94193084298013	-0,510597026748361
1,81785557964635	0,230093530705563
1,25006427783566	-2,84075202035593
4,83933515451407	-1,96512913781407
4,46748749253648	-1,99607181856687
1,81544395921293	0,113240698535404
3,72962309580491	0,292614745729811
4,37345399750056	-1,29724589327819
1,6786303552336	-1,23100411003414
4,7332512012845	-0,0149783681224527
4,3718586907263	-0,360456079385528
2,94120627951063	-2,52609261825284
2,99202647447592	-0,332337895206146
2,22897712376413	-0,921115932504834
4,94310724188753	-2,78962322745342
5,11258466988035	-0,756715476515775
3,86773379097513	-1,05459474344722
3,18275480414583	-2,0424443663381
2,22899040374067	-0,719774613980534
5,00123042275978	-1,17415585554441
4,07396909715933	-0,334891935627879
5,00690365877227	-0,41620691878681
3,9802649444328	-0,175540061383868
3,13579168303772	-2,49044147654456
2,30548572272214	-2,73729626456882
2,516467476909	-1,07905592171457
4,61159184500196	-0,00966841250971173
2,10397494696633	-0,652451593632287
4,86039460746694	-2,98137458413535
1,97235626591996	-3,07006748469212
4,22603430558553	-3,25608550930062
5,17370776834991	-0,581591194065485
3,87945950930241	0,0589875440719561
3,93956795707404	0,477635543569174
1,96270332957737	-0,956008053641621
3,19723779046759	-0,682621261817408
3,56739910812675	-1,91852343180988
1,93324698237807	-0,382234265004057
3,05737707483415	-1,22469098304348
3,48062710969981	-1,16956197194146
4,45085681499447	-0,183143574098191
3,09249661632637	-0,247549886409242
3,33008833757196	-2,88632674944469
4,26641672305992	-0,109044168651799
2,95456892128333	-1,0178659384681
4,49299640741488	-0,200746363138784
3,66613950668357	-2,42603927120307
2,72227194776697	-1,08403336320025
4,61257213874147	-1,7024250249086
2,01048013462476	-2,60738665266767
3,7448937385413	    -0,366637194982808
3,44035347140444	-0,0866712407382715
5,10069695198499	-0,000705476302617303
3,26787509927431	0,1632104880481
2,22893885390797	-2,98147572152975
4,81466034301977	-0,31816015693649
1,56869071542246	0,653914656437624
4,50911330279044	-2,00193755586478
1,36790801247923	-2,45719033362546
4,23100096896774	-1,46358732186183
1,68634955552763	-0,185747336428721
5,22015789991318	-3,36719030489633
3,66930469406414	-1,51806479699733
2,71152220803018	0,363717280076511
3,00173643773802	-1,79356897965769
2,14176405226285	0,478328251201901
4,57960564248692	0,3765097453928
2,25620823938005	-0,366551453747725
4,13834935870265	-3,06053848994217
4,80315996291489	-1,49946479069838
3,75428052738886	-3,23457883361764
4,63369060226957	-3,13825550336841
4,45599495134925	-1,29093034255941
3,68622655750555	-2,60226792910515
4,91305587178714	-0,0666570641587865
3,88483290199608	-2,64766343336557
3,56384573131359	-0,989967172988554
4,1439541951723	    -3,13464316262613
3,27454786306198	0,388353213169954
2,04222795219673	-2,10804964986454
5,09080614717835	-2,84883548292739
3,77360555059517	-1,08544265528128
1,52167318898112	-1,09616693444958
4,9756147257758	    -0,881384388195022
4,95314122886997	-1,41349537481006
5,09821119524077	0,0858904248159229
4,78337034816106	-3,0193789745296
1,87329313461727	-2,53187849033971
2,0817710655458	    -0,676488606003222
3,73139530648684	-2,39274896386251
2,50058777988907	-1,81782614036138
4,18009178893967	-2,14756841770161
4,0479469196957	    -3,28914316470814
3,07898884617829	-2,37748774671342
2,75776843732022	-1,67957964279108
1,50112619235183	-1,07926748810444
5,22755884582867	0,464471313302553
1,87809514831329	-1,97197819835803
5,11083963155274	0,0129281833256134
4,67039452824844	-0,0175860414858042
1,71958915076738	-2,53706933531833
4,44435099184096	-3,38676943179517
2,46497168614778	-3,25694939658087
2,19832210499815	-1,5289395536543
4,56534508177415	-1,84959259854984
5,12808367480642	-1,36257090957438
4,94836170465836	-0,176350387347116
4,27103609591462	-0,101724584181262
1,31679937304873	-0,46512305542623
3,36042257074366	-2,65207218258171
3,35785841113129	-2,12387802598116
4,39063132412507	-0,140537870236214
5,09239769172838	-0,270798021078919
3,70379570190532	-0,590462582979704
4,56090482008693	-2,35026176587082
1,25277288832621	-2,09610016687745
3,20356875466335	-1,72866501382509
3,98331553243312	0,366737357282364
2,51480728587517	0,109423366857717
4,10163084854126	0,0091563975135931
4,46295534694181	0,28528167927769
2,88254417704742	-1,67307001345159
2,58627216507238	-1,74647392047307
4,41973575403787	-1,72493633317113
4,09240771643847	-2,26832217945225
3,52479544296232	-2,54953246871098
4,77999780268926	-1,60606889721626
4,59896029697392	-1,06543385636306
4,97603218759063	-1,88982321382504
2,21555315898411	-1,18454519101852
1,24709591120987	0,558718694279294
2,16358223774885	-0,465711549822733
3,92501958658659	-0,886560841440375
5,1219007926371	    0,0287567555728754
3,98554115034094	-3,120028808855
5,10478597630197	-1,70428299899461
4,46601880676078	-2,5113509717589
